symbol,time_str,std,direction,score,entry,dmi_1h,dmi_4h,dmi_1d,srsi_1h,srsi_4h,srsi_1d,win_4H,pct_4H,win_12H,pct_12H,win_24H,pct_24H
APT-USDT,2026-05-19 00:00,摆动点,多,6,0.9509,多,空,多,100.0000,93.9536,4.8312,0,-0.4943,0,-1.1358,0,-2.1559
APT-USDT,2026-05-19 01:00,摆动点,多,6,0.9435,多,空,多,82.8101,93.9536,4.8312,1,0.0848,0,-0.1166,0,-0.9857
APT-USDT,2026-05-19 02:00,摆动点,多,6,0.9410,空,空,多,72.9902,93.9536,4.8312,1,0.9883,0,-0.6908,0,-1.1796
APT-USDT,2026-05-19 03:00,摆动点,多,6,0.9439,空,空,多,73.0810,93.9536,4.8312,1,0.7416,0,-0.7840,0,-1.3031
APT-USDT,2026-05-19 04:00,摆动点,多,6,0.9462,空,空,多,77.7377,98.4884,4.8312,1,0.4333,0,-0.3276,0,-0.9723
APT-USDT,2026-05-19 05:00,摆动点,多,6,0.9443,空,空,多,75.4413,98.4884,4.8312,0,-0.1271,0,-0.2753,1,0.0635
APT-USDT,2026-05-19 06:00,摆动点,多,6,0.9503,多,空,多,87.7882,98.4884,4.8312,0,-0.8945,0,-1.5679,0,-0.5788
APT-USDT,2026-05-19 07:00,摆动点,多,6,0.9509,多,空,多,90.8858,98.4884,4.8312,0,-1.6616,0,-1.7773,0,-0.9360
APT-USDT,2026-05-19 08:00,摆动点,多,6,0.9503,空,空,多,83.8216,76.0829,4.8312,0,-1.0733,0,-1.3890,0,-0.8418
APT-USDT,2026-05-19 09:00,摆动点,多,6,0.9431,空,空,多,28.9145,76.0829,4.8312,0,-0.0742,0,-0.9437,0,-0.0742
APT-USDT,2026-05-19 10:00,摆动点,多,7,0.9418,空,空,多,13.1481,76.0829,4.8312,0,-0.7751,0,-1.4122,1,0.0425
APT-USDT,2026-05-19 11:00,摆动点,多,6,0.9351,空,空,多,0.0000,76.0829,4.8312,1,0.1497,0,-0.5668,1,0.1390
APT-USDT,2026-05-19 12:00,摆动点,多,7,0.9401,空,空,多,19.5437,74.8675,4.8312,1,0.3191,0,-1.0318,1,0.1170
APT-USDT,2026-05-19 13:00,摆动点,多,6,0.9424,空,空,多,33.0366,74.8675,4.8312,0,-0.0743,0,-0.8701,0,-0.6791
APT-USDT,2026-05-19 14:00,摆动点,多,7,0.9345,空,空,多,11.9236,74.8675,4.8312,1,0.0963,0,-0.4922,1,1.7228
APT-USDT,2026-05-19 15:00,摆动点,多,7,0.9365,空,空,多,15.6814,74.8675,4.8312,0,-0.2670,0,-0.5232,1,1.9221
APT-USDT,2026-05-21 09:00,DMI纯分,多,6,0.9590,多,空,多,17.1894,67.8890,15.9884,0,-0.4275,1,1.8874,1,2.5652
APT-USDT,2026-05-22 15:00,DMI纯分,多,6,0.9803,多,多,多,19.3567,81.3505,25.1080,0,-3.5193,0,-3.4785,0,-3.8560
APT-USDT,2026-05-22 20:00,摆动点,多,6,0.9552,空,空,空,11.5217,12.1281,16.3977,0,-1.5075,0,-4.2818,1,4.4598
APT-USDT,2026-05-23 02:00,摆动点,多,6,0.9453,空,空,空,10.3288,8.3772,16.3977,0,-0.7934,0,-0.7299,1,2.0523
APT-USDT,2026-05-23 04:00,摆动点,多,6,0.9392,空,空,空,11.7618,2.0943,16.3977,0,-2.6512,1,1.3096,1,2.2785
APT-USDT,2026-05-23 05:00,摆动点,多,6,0.9371,空,空,空,7.3610,2.0943,16.3977,0,-2.8279,1,1.5473,1,2.0702
APT-USDT,2026-05-23 06:00,摆动点,多,6,0.9378,空,空,空,6.1476,2.0943,16.3977,0,-2.6658,1,2.9217,1,2.9324
APT-USDT,2026-05-23 07:00,摆动点,多,6,0.9129,空,空,空,1.5342,2.0943,16.3977,0,-0.2958,1,5.6523,1,5.2580
APT-USDT,2026-05-23 08:00,摆动点,多,6,0.9143,空,空,空,6.6552,2.0943,16.3977,1,0.1641,1,9.1327,1,5.6655
APT-USDT,2026-05-23 17:00,DMI纯分,多,6,0.9516,多,多,多,100.0000,51.8018,18.1577,1,3.1526,1,0.5149,0,-0.0315
APT-USDT,2026-05-23 18:00,DMI纯分,多,6,0.9652,多,多,多,100.0000,51.8018,18.1577,1,0.5387,1,0.0104,0,-1.9167
APT-USDT,2026-05-23 19:00,DMI纯分,多,6,0.9645,多,多,多,99.0764,51.8018,18.1577,1,0.6532,0,-0.3733,0,-1.6485
APT-USDT,2026-05-23 20:00,DMI纯分,多,6,0.9978,多,多,多,99.7691,66.9914,18.1577,0,-2.7060,0,-3.1770,0,-5.3919
APT-USDT,2026-05-23 21:00,DMI纯分,多,6,0.9816,多,多,多,86.0803,66.9914,18.1577,0,-1.4161,0,-1.5485,0,-5.4197
APT-USDT,2026-05-23 22:00,DMI纯分,多,6,0.9704,多,多,多,74.9035,66.9914,18.1577,0,-0.5874,0,-0.9068,0,-3.1843
APT-USDT,2026-05-23 23:00,DMI纯分,多,6,0.9708,多,多,多,69.1435,66.9914,18.1577,0,-1.0301,0,-1.0301,0,-2.6370
APT-USDT,2026-05-24 00:00,DMI纯分,多,6,0.9708,多,多,多,67.0618,64.2290,18.1577,0,-1.0507,0,-1.4833,0,-2.4104
APT-USDT,2026-05-24 01:00,DMI纯分,多,6,0.9677,多,多,多,61.2546,64.2290,18.1577,0,-1.1574,0,-1.7671,0,-2.7488
APT-USDT,2026-05-24 02:00,DMI纯分,多,6,0.9647,多,多,多,47.8105,64.2290,18.1577,1,0.0622,0,-1.6585,0,-2.2805
APT-USDT,2026-05-24 03:00,DMI纯分,多,6,0.9608,多,多,多,25.3495,64.2290,18.1577,1,0.0104,0,-1.1137,0,-2.0296
APT-USDT,2026-05-24 04:00,DMI纯分,多,7,0.9606,多,多,多,11.0600,63.4068,18.1577,1,0.5726,0,-0.8745,0,-1.1243
APT-USDT,2026-05-24 04:00,ADX加权,多,6,0.9606,多,多,多,11.0600,63.4068,18.1577,1,0.5726,0,-0.8745,0,-1.1243
APT-USDT,2026-05-24 05:00,DMI纯分,多,7,0.9565,多,多,多,2.7493,63.4068,18.1577,1,1.0350,0,-0.5436,1,0.0314
APT-USDT,2026-05-24 05:00,ADX加权,多,6,0.9565,多,多,多,2.7493,63.4068,18.1577,1,1.0350,0,-0.5436,1,0.0314
APT-USDT,2026-05-24 06:00,DMI纯分,多,7,0.9653,多,多,多,14.3992,63.4068,18.1577,0,-0.3833,0,-1.9269,0,-0.4869
APT-USDT,2026-05-24 06:00,ADX加权,多,6,0.9653,多,多,多,14.3992,63.4068,18.1577,0,-0.3833,0,-1.9269,0,-0.4869
APT-USDT,2026-05-24 07:00,DMI纯分,多,7,0.9609,多,多,多,9.6425,63.4068,18.1577,0,-0.0104,0,-1.2800,0,-0.0208
APT-USDT,2026-05-24 07:00,ADX加权,多,6,0.9609,多,多,多,9.6425,63.4068,18.1577,0,-0.0104,0,-1.2800,0,-0.0208
APT-USDT,2026-05-24 08:00,DMI纯分,多,7,0.9661,多,多,多,19.2723,61.4324,18.1577,0,-1.0040,0,-2.2875,0,-0.0518
APT-USDT,2026-05-24 08:00,ADX加权,多,6,0.9661,多,多,多,19.2723,61.4324,18.1577,0,-1.0040,0,-2.2875,0,-0.0518
APT-USDT,2026-05-24 09:00,DMI纯分,多,7,0.9664,多,多,多,19.8393,61.4324,18.1577,0,-1.6349,0,-3.9321,0,-0.3104
APT-USDT,2026-05-24 09:00,ADX加权,多,6,0.9664,多,多,多,19.8393,61.4324,18.1577,0,-1.6349,0,-3.9321,0,-0.3104
APT-USDT,2026-05-24 10:00,DMI纯分,多,7,0.9616,多,多,多,16.6134,61.4324,18.1577,0,-1.3415,0,-2.2983,1,0.6448
APT-USDT,2026-05-24 10:00,ADX加权,多,6,0.9616,多,多,多,16.6134,61.4324,18.1577,0,-1.3415,0,-2.2983,1,0.6448
APT-USDT,2026-05-24 11:00,DMI纯分,多,7,0.9608,多,多,多,17.3176,61.4324,18.1577,0,-1.1137,0,-1.6236,0,-0.1665
APT-USDT,2026-05-24 11:00,ADX加权,多,6,0.9608,多,多,多,17.3176,61.4324,18.1577,0,-1.1137,0,-1.6236,0,-0.1665
APT-USDT,2026-05-24 12:00,DMI纯分,多,6,0.9564,空,多,多,5.1648,52.4819,18.1577,0,-0.4391,0,-0.9410,1,0.7005
APT-USDT,2026-05-24 13:00,DMI纯分,多,6,0.9506,空,多,多,2.8234,52.4819,18.1577,1,0.0736,0,-0.9994,1,1.9882
APT-USDT,2026-05-24 15:00,DMI纯分,多,6,0.9501,空,多,多,6.6705,52.4819,18.1577,0,-0.1579,0,-0.9262,1,3.0944
APT-USDT,2026-05-27 21:00,摆动点,多,6,0.9488,空,多,空,13.5832,16.0064,32.4186,0,-0.0632,0,-2.1712,0,-0.2530
APT-USDT,2026-05-27 22:00,摆动点,多,6,0.9473,空,多,空,6.8527,16.0064,32.4186,0,-0.2745,0,-2.9663,0,-1.4040
APT-USDT,2026-05-31 00:00,摆动点,多,6,0.9398,空,多,空,3.8859,78.7459,27.6485,1,1.5961,1,0.1170,1,1.2981
APT-USDT,2026-05-31 07:00,摆动点,多,6,0.9393,空,多,空,13.4527,63.1815,27.6485,1,0.1810,0,-2.0228,0,-2.1399
APT-USDT,2026-05-31 08:00,摆动点,多,6,0.9413,空,多,空,13.0459,65.3882,27.6485,0,-0.0425,0,-1.3280,0,-2.1778
APT-USDT,2026-05-31 09:00,摆动点,多,6,0.9379,空,多,空,2.1748,65.3882,27.6485,0,0.0000,1,0.3625,0,-1.2368
APT-USDT,2026-05-31 10:00,摆动点,多,6,0.9366,空,多,空,2.1748,65.3882,27.6485,0,-1.6656,1,1.1745,0,-1.2172
APT-USDT,2026-05-31 11:00,摆动点,多,6,0.9410,空,多,空,18.3669,65.3882,27.6485,0,-1.9979,1,0.5313,0,-2.0510
APT-USDT,2026-05-31 13:00,摆动点,多,6,0.9379,空,空,空,15.5075,33.5194,27.6485,0,-1.5993,0,-0.4691,0,-2.9641
APT-USDT,2026-05-31 14:00,摆动点,多,6,0.9210,空,空,空,6.1012,33.5194,27.6485,1,0.3366,1,3.3768,0,-1.2921
APT-USDT,2026-05-31 15:00,摆动点,多,6,0.9222,空,空,空,4.9089,33.5194,27.6485,0,-0.2060,1,3.3182,0,-1.0410
APT-USDT,2026-05-31 16:00,摆动点,多,8,0.9179,空,空,空,0.8260,13.7620,10.1332,1,1.1875,1,2.9088,1,1.2964
APT-USDT,2026-05-31 17:00,摆动点,多,8,0.9229,空,空,空,14.1082,13.7620,10.1332,1,1.9937,1,1.5061,1,0.9860
HOME-USDT-SWAP,2026-05-21 02:00,DMI纯分,多,6,0.0208,多,多,多,15.6827,15.1683,100.0000,1,3.8480,1,12.0731,1,7.8403
HOME-USDT-SWAP,2026-05-23 00:00,DMI纯分,多,6,0.0228,多,多,多,11.6919,15.3837,88.1179,0,-2.3663,0,-4.6012,1,0.7011
HOME-USDT-SWAP,2026-05-23 00:00,摆动点,多,6,0.0228,多,多,多,11.6919,15.3837,88.1179,0,-2.3663,0,-4.6012,1,0.7011
HOME-USDT-SWAP,2026-05-23 01:00,DMI纯分,多,6,0.0227,多,多,多,4.2181,15.3837,88.1179,1,0.8374,0,-4.7598,1,1.4103
HOME-USDT-SWAP,2026-05-23 01:00,摆动点,多,6,0.0227,多,多,多,4.2181,15.3837,88.1179,1,0.8374,0,-4.7598,1,1.4103
HOME-USDT-SWAP,2026-05-23 10:00,摆动点,多,6,0.0221,空,多,多,13.8424,3.4808,88.1179,0,-0.1808,1,4.0669,1,2.7564
HOME-USDT-SWAP,2026-05-23 11:00,摆动点,多,6,0.0220,空,多,多,4.8000,3.4808,88.1179,1,2.4080,1,4.1799,1,1.5902
HOME-USDT-SWAP,2026-05-24 09:00,DMI纯分,多,6,0.0230,多,多,多,19.4907,11.7742,69.4261,0,-3.4408,0,-1.9164,1,1.3937
HOME-USDT-SWAP,2026-05-24 09:00,摆动点,多,6,0.0230,多,多,多,19.4907,11.7742,69.4261,0,-3.4408,0,-1.9164,1,1.3937
HOME-USDT-SWAP,2026-05-24 10:00,DMI纯分,多,6,0.0227,多,多,多,11.6318,11.7742,69.4261,0,-3.3861,1,1.0114,1,4.3975
HOME-USDT-SWAP,2026-05-24 10:00,摆动点,多,6,0.0227,多,多,多,11.6318,11.7742,69.4261,0,-3.3861,1,1.0114,1,4.3975
HOME-USDT-SWAP,2026-05-24 11:00,DMI纯分,多,6,0.0224,多,多,多,6.5625,11.7742,69.4261,0,-2.3256,1,2.9517,1,7.6029
HOME-USDT-SWAP,2026-05-24 11:00,摆动点,多,6,0.0224,多,多,多,6.5625,11.7742,69.4261,0,-2.3256,1,2.9517,1,7.6029
HOME-USDT-SWAP,2026-05-24 12:00,摆动点,多,6,0.0224,空,多,多,5.4578,5.1030,69.4261,0,-2.6339,1,2.9911,1,6.6518
HOME-USDT-SWAP,2026-05-24 13:00,摆动点,多,6,0.0222,空,多,多,0.9420,5.1030,69.4261,0,-2.9319,1,4.4204,1,7.6229
HOME-USDT-SWAP,2026-05-24 14:00,摆动点,多,6,0.0220,空,多,多,0.9420,5.1030,69.4261,1,0.5917,1,5.4165,1,8.3751
HOME-USDT-SWAP,2026-05-26 07:00,DMI纯分,多,6,0.0226,多,多,多,9.7647,12.6397,76.1539,1,1.1942,1,5.7054,1,9.7302
HOME-USDT-SWAP,2026-05-26 07:00,摆动点,多,6,0.0226,多,多,多,9.7647,12.6397,76.1539,1,1.1942,1,5.7054,1,9.7302
HOME-USDT-SWAP,2026-05-30 04:00,摆动点,多,6,0.0268,空,多,多,19.4363,8.5864,100.0000,1,0.2982,1,3.2054,1,8.1252
WLD-USDT-SWAP,2026-05-18 20:00,DMI纯分,空,6,0.2390,空,空,空,92.1487,82.2099,15.3510,0,-1.1715,0,-2.4686,0,-0.2510
WLD-USDT-SWAP,2026-05-18 21:00,DMI纯分,空,6,0.2407,空,空,空,100.0000,82.2099,15.3510,1,0.3739,0,-1.1633,1,0.6232
WLD-USDT-SWAP,2026-05-18 22:00,DMI纯分,空,6,0.2405,空,空,空,98.9635,82.2099,15.3510,1,0.4158,0,-1.4137,1,1.5800
WLD-USDT-SWAP,2026-05-18 23:00,DMI纯分,空,6,0.2416,空,空,空,99.7409,82.2099,15.3510,0,-0.0828,1,0.2483,1,1.4073
WLD-USDT-SWAP,2026-05-19 01:00,DMI纯分,空,6,0.2398,空,空,空,85.3017,98.8765,15.3510,0,-2.7106,0,-1.5013,0,-0.0000
WLD-USDT-SWAP,2026-05-19 03:00,DMI纯分,空,6,0.2418,空,空,空,88.1528,98.8765,15.3510,0,-1.7370,1,0.8271,1,1.1166
WLD-USDT-SWAP,2026-05-19 16:00,摆动点,多,6,0.2400,空,空,空,2.2748,59.7491,23.8138,0,-0.1667,0,0.0000,1,5.0833
WLD-USDT-SWAP,2026-05-19 17:00,摆动点,多,6,0.2397,空,空,空,0.7533,59.7491,23.8138,0,-0.2086,1,0.0834,1,4.2136
WLD-USDT-SWAP,2026-05-19 18:00,摆动点,多,6,0.2389,空,空,空,0.5411,59.7491,23.8138,0,-0.9209,1,0.5023,1,3.9766
WLD-USDT-SWAP,2026-05-19 19:00,摆动点,多,6,0.2391,空,空,空,1.6210,59.7491,23.8138,0,-0.3764,1,0.0836,1,4.7261
WLD-USDT-SWAP,2026-05-19 20:00,摆动点,多,6,0.2396,空,空,空,8.3862,54.2491,23.8138,0,-0.2504,1,0.2087,1,5.2170
WLD-USDT-SWAP,2026-05-19 21:00,摆动点,多,6,0.2392,空,空,空,6.9369,54.2491,23.8138,1,0.2508,1,0.2508,1,4.2642
WLD-USDT-SWAP,2026-05-19 22:00,摆动点,多,6,0.2367,空,空,空,3.1309,54.2491,23.8138,1,0.8027,1,1.2674,1,4.6895
WLD-USDT-SWAP,2026-05-20 13:00,摆动点,多,6,0.2375,空,空,空,18.6144,85.1220,23.8138,1,5.1789,1,6.2737,1,10.6105
WLD-USDT-SWAP,2026-05-23 00:00,摆动点,多,6,0.2702,空,多,多,2.4119,10.5697,79.2696,1,0.9993,1,0.3331,1,11.2879
WLD-USDT-SWAP,2026-05-23 02:00,摆动点,多,6,0.2708,空,多,多,1.8498,10.5697,79.2696,1,0.6647,1,3.1758,1,11.0414
WLD-USDT-SWAP,2026-05-23 03:00,摆动点,多,6,0.2742,空,多,多,13.5702,10.5697,79.2696,0,-3.9387,1,2.9540,1,9.2633
WLD-USDT-SWAP,2026-05-23 04:00,摆动点,多,6,0.2729,空,多,多,13.3893,1.5907,79.2696,0,-3.1513,1,5.3499,1,10.4800
WLD-USDT-SWAP,2026-05-23 05:00,摆动点,多,6,0.2724,空,多,多,14.0093,1.5907,79.2696,0,-3.1204,1,7.9295,1,9.9486
WLD-USDT-SWAP,2026-05-23 06:00,摆动点,多,6,0.2726,空,多,多,16.8071,1.5907,79.2696,0,-2.5312,1,11.4453,1,11.4453
WLD-USDT-SWAP,2026-05-23 07:00,摆动点,多,6,0.2634,空,多,多,5.1586,1.5907,79.2696,1,1.4806,1,14.4647,1,14.0471
WLD-USDT-SWAP,2026-05-23 08:00,摆动点,多,6,0.2643,空,多,多,8.8483,7.2978,79.2696,1,2.5728,1,16.3451,1,14.0749
WLD-USDT-SWAP,2026-05-23 09:00,摆动点,多,6,0.2639,空,多,多,5.6473,7.2978,79.2696,1,5.0398,1,15.0057,1,16.4077
WLD-USDT-SWAP,2026-05-27 08:00,DMI纯分,多,6,0.3597,多,多,多,13.4453,12.0003,79.9433,0,-0.2224,0,-2.7801,0,-14.9847
WLD-USDT-SWAP,2026-05-27 08:00,ADX加权,多,6,0.3597,多,多,多,13.4453,12.0003,79.9433,0,-0.2224,0,-2.7801,0,-14.9847
WLD-USDT-SWAP,2026-05-27 17:00,摆动点,多,6,0.3437,空,多,多,16.8626,2.6876,47.2771,0,-0.3200,0,-10.3288,0,-18.2136
WLD-USDT-SWAP,2026-05-27 18:00,摆动点,多,6,0.3477,空,多,多,17.0558,2.6876,47.2771,0,-2.7035,0,-11.0728,0,-17.6014
WLD-USDT-SWAP,2026-05-27 21:00,摆动点,多,6,0.3426,空,多,多,12.1432,1.3942,47.2771,0,-2.9480,0,-9.9825,0,-16.9877
WLD-USDT-SWAP,2026-05-27 22:00,摆动点,多,6,0.3383,空,多,多,5.8960,1.3942,47.2771,0,-2.3352,0,-12.4446,0,-18.0905
WLD-USDT-SWAP,2026-05-27 23:00,摆动点,多,6,0.3409,空,多,多,10.2167,1.3942,47.2771,0,-5.7202,0,-14.0217,0,-17.6005
BTC-USDT,2026-05-18 16:00,摆动点,多,6,76421.5000,空,空,多,31.1337,43.4889,1.0926,1,0.6476,1,0.6558,1,0.6243
BTC-USDT,2026-05-19 14:00,摆动点,多,6,76401.3000,空,空,多,17.4677,59.2951,1.0926,1,0.5250,1,0.3755,1,1.3729
BTC-USDT,2026-05-21 06:00,DMI纯分,多,6,77622.7000,多,空,多,19.8696,90.0270,13.3397,0,-0.5382,0,-0.2980,0,-0.2499
BTC-USDT,2026-05-21 09:00,DMI纯分,多,6,77634.1000,多,空,多,15.5030,61.9397,13.3397,0,-0.6509,1,0.0500,0,-0.4154
BTC-USDT,2026-05-22 14:00,DMI纯分,多,6,76774.7000,空,空,多,12.2875,13.2902,10.4775,0,-0.3113,0,-1.5684,0,-1.6096
BTC-USDT,2026-05-22 14:00,ADX加权,多,6,76774.7000,空,空,多,12.2875,13.2902,10.4775,0,-0.3113,0,-1.5684,0,-1.6096
BTC-USDT,2026-05-22 14:00,摆动点,多,6,76774.7000,空,空,多,12.2875,13.2902,10.4775,0,-0.3113,0,-1.5684,0,-1.6096
BTC-USDT,2026-05-22 15:00,DMI纯分,多,6,76797.4000,空,空,多,3.5300,13.2902,10.4775,0,-1.2148,0,-1.5085,0,-1.6613
BTC-USDT,2026-05-22 15:00,ADX加权,多,6,76797.4000,空,空,多,3.5300,13.2902,10.4775,0,-1.2148,0,-1.5085,0,-1.6613
BTC-USDT,2026-05-22 15:00,摆动点,多,6,76797.4000,空,空,多,3.5300,13.2902,10.4775,0,-1.2148,0,-1.5085,0,-1.6613
BTC-USDT,2026-05-22 16:00,摆动点,多,6,76951.3000,空,空,空,18.0560,4.7103,3.7430,0,-1.2556,0,-1.8362,0,-1.9707
BTC-USDT,2026-05-25 19:00,摆动点,多,6,77440.2000,多,多,空,5.6852,92.0492,25.9175,0,-0.1479,0,-0.9135,0,-1.7878
BTC-USDT,2026-05-25 20:00,摆动点,多,6,77284.4000,多,多,空,2.3357,81.2763,25.9175,0,-0.6411,0,-0.7221,0,-1.5232
BTC-USDT,2026-05-25 21:00,摆动点,多,6,77372.4000,多,多,空,10.9912,81.2763,25.9175,0,-0.7969,0,-0.8962,0,-1.9042
BTC-USDT,2026-05-25 22:00,摆动点,多,6,77125.3000,空,多,空,2.7478,81.2763,25.9175,0,-0.5902,1,0.4073,0,-1.7810
BTC-USDT,2026-05-26 00:00,摆动点,多,6,76788.9000,空,空,空,4.8049,27.2095,25.9175,0,-0.0501,1,0.4567,0,-0.9126
BTC-USDT,2026-05-26 01:00,摆动点,多,6,76755.8000,空,空,空,4.8049,27.2095,25.9175,1,0.2181,1,0.6281,0,-1.1488
BTC-USDT,2026-05-26 04:00,摆动点,多,7,76750.4000,空,空,空,6.8087,17.1737,25.9175,0,-0.0314,0,-0.2526,0,-1.5309
BTC-USDT,2026-05-26 09:00,摆动点,多,6,76679.0000,空,多,空,14.8031,36.5961,25.9175,1,0.7289,0,-1.0171,0,-1.0007
BTC-USDT,2026-05-26 12:00,摆动点,多,6,77139.6000,多,多,空,72.8286,10.0316,25.9175,0,-0.7559,0,-1.3631,0,-1.8884
BTC-USDT,2026-05-26 13:00,摆动点,多,6,77237.9000,多,多,空,73.7632,10.0316,25.9175,0,-1.6915,0,-1.7658,0,-2.7897
BTC-USDT,2026-05-26 14:00,摆动点,多,6,76905.8000,多,多,空,51.2865,10.0316,25.9175,0,-1.3767,0,-1.3379,0,-2.4214
BTC-USDT,2026-05-26 15:00,摆动点,多,6,76519.3000,多,多,空,25.7177,10.0316,25.9175,0,-0.6059,0,-1.1052,0,-1.5473
BTC-USDT,2026-05-26 16:00,DMI纯分,多,6,76556.5000,多,多,空,17.3881,8.8548,14.2889,0,-0.5869,0,-1.2815,0,-1.6347
BTC-USDT,2026-05-26 16:00,摆动点,多,8,76556.5000,多,多,空,17.3881,8.8548,14.2889,0,-0.5869,0,-1.2815,0,-1.6347
BTC-USDT,2026-05-26 17:00,摆动点,多,8,75931.4000,空,多,空,3.7767,8.8548,14.2889,0,-0.0425,0,-0.3054,0,-1.3988
BTC-USDT,2026-05-26 18:00,摆动点,多,8,75847.0000,空,多,空,2.2406,8.8548,14.2889,0,-0.1256,0,-0.0100,0,-1.0741
BTC-USDT,2026-05-26 19:00,摆动点,多,8,76055.7000,空,多,空,12.1259,8.8548,14.2889,0,-0.1495,0,-0.0798,0,-1.2894
BTC-USDT,2026-05-26 20:00,摆动点,多,6,76107.2000,多,多,空,18.0839,0.0000,14.2889,0,-0.0251,0,-0.3054,0,-1.0868
BTC-USDT,2026-05-26 21:00,摆动点,多,6,75899.1000,空,多,空,14.9503,0.0000,14.2889,0,-0.0331,1,0.0166,0,-1.8727
BTC-USDT,2026-05-26 22:00,摆动点,多,6,75751.7000,空,多,空,9.3747,0.0000,14.2889,1,0.1653,1,0.1935,0,-1.7499
BTC-USDT,2026-05-26 23:00,摆动点,多,6,75942.0000,空,多,空,18.0400,0.0000,14.2889,0,-0.3534,0,-0.2210,0,-1.9632
BTC-USDT,2026-05-27 00:00,摆动点,多,6,76088.1000,空,多,空,33.3246,0.0000,14.2889,0,-0.6738,0,-0.5325,0,-1.9958
BTC-USDT,2026-05-27 01:00,摆动点,多,6,75874.0000,空,多,空,29.9027,0.0000,14.2889,0,-0.2300,0,-1.0423,0,-2.0183
BTC-USDT,2026-05-27 02:00,摆动点,多,6,75876.9000,空,多,空,31.0812,0.0000,14.2889,0,-0.0494,0,-1.0982,0,-2.0954
BTC-USDT,2026-05-27 03:00,摆动点,多,6,75673.6000,空,多,空,24.5345,0.0000,14.2889,1,0.4247,0,-0.4471,0,-3.1812
BTC-USDT,2026-05-27 04:00,摆动点,多,7,75575.4000,空,空,空,22.6122,14.0845,14.2889,1,0.3962,0,-0.3578,0,-3.1606
BTC-USDT,2026-05-27 05:00,摆动点,多,7,75699.5000,空,空,空,45.2022,14.0845,14.2889,1,0.2803,0,-1.0967,0,-3.5712
BTC-USDT,2026-05-27 06:00,摆动点,多,6,75839.4000,空,空,空,76.7265,14.0845,14.2889,1,0.0777,0,-1.0642,0,-3.4759
BTC-USDT,2026-05-27 07:00,摆动点,多,6,75995.0000,空,空,空,92.0819,14.0845,14.2889,0,-0.2905,0,-1.2106,0,-3.2778
BTC-USDT,2026-05-27 08:00,摆动点,多,6,75874.8000,空,空,空,86.0561,10.7602,14.2889,0,-0.2529,0,-0.7838,0,-3.3578
BTC-USDT,2026-05-27 09:00,摆动点,多,6,75911.7000,空,空,空,89.0595,10.7602,14.2889,0,-1.0914,0,-1.8890,0,-3.1202
BTC-USDT,2026-05-27 10:00,摆动点,多,6,75898.3000,空,空,空,85.5340,10.7602,14.2889,0,-1.1261,0,-1.9397,0,-3.2909
BTC-USDT,2026-05-27 11:00,摆动点,多,7,75774.2000,空,空,空,71.5157,10.7602,14.2889,0,-0.5792,0,-1.7461,0,-2.9897
BTC-USDT,2026-05-27 12:00,摆动点,多,7,75682.9000,空,空,空,54.9608,5.3309,14.2889,0,-0.4993,0,-1.4711,0,-2.8474
BTC-USDT,2026-05-27 13:00,摆动点,多,8,75083.2000,空,空,空,18.1030,5.3309,14.2889,0,-0.2849,0,-0.9864,0,-2.7434
BTC-USDT,2026-05-27 14:00,摆动点,多,8,75043.6000,空,空,空,7.5016,5.3309,14.2889,0,-0.0151,0,-1.0082,0,-2.6759
BTC-USDT,2026-05-27 15:00,摆动点,多,7,75335.3000,空,空,空,35.7151,5.3309,14.2889,0,-0.3455,0,-2.7464,0,-3.1916
BTC-USDT,2026-05-27 16:00,摆动点,多,6,75305.0000,空,空,空,42.6148,1.8098,4.7230,0,-0.0331,0,-2.8128,0,-2.4713
BTC-USDT,2026-05-27 17:00,摆动点,多,6,74869.3000,空,空,空,25.3823,1.8098,4.7230,0,-0.5230,0,-2.5020,0,-1.7621
BTC-USDT,2026-05-27 18:00,摆动点,多,6,75032.3000,空,空,空,36.9686,1.8098,4.7230,0,-0.8079,0,-2.4376,0,-1.8364
BTC-USDT,2026-05-27 19:00,摆动点,多,6,75075.0000,空,空,空,39.9761,1.8098,4.7230,0,-0.8310,0,-2.0926,0,-2.2042
BTC-USDT,2026-05-27 20:00,摆动点,多,6,75280.1000,空,空,空,68.0802,0.0000,4.7230,0,-0.9439,0,-2.5943,0,-2.2562
BTC-USDT,2026-05-27 21:00,摆动点,多,6,74477.7000,空,空,空,31.1282,0.0000,4.7230,0,-0.1814,0,-1.2549,0,-0.8701
BTC-USDT,2026-05-27 22:00,摆动点,多,6,74426.1000,空,空,空,23.3347,0.0000,4.7230,0,-0.1869,0,-1.3779,0,-1.2901
BTC-USDT,2026-05-27 23:00,摆动点,多,7,74451.1000,空,空,空,14.8988,0.0000,4.7230,0,-1.5914,0,-1.2657,0,-1.1139
BTC-USDT,2026-05-28 00:00,摆动点,多,6,74569.5000,空,空,空,32.2410,0.0000,4.7230,0,-1.8542,0,-1.3968,0,-1.1392
BTC-USDT,2026-05-28 01:00,摆动点,多,6,74342.6000,空,空,空,22.7303,0.0000,4.7230,0,-1.8112,0,-1.7745,0,-1.0136
BTC-USDT,2026-05-28 02:00,摆动点,多,7,74287.0000,空,空,空,19.9373,0.0000,4.7230,0,-1.4588,0,-1.6847,0,-1.4332
BTC-USDT,2026-05-28 03:00,摆动点,多,7,73266.3000,空,空,空,5.7176,0.0000,4.7230,1,0.3244,0,-0.4578,1,0.0517
BTC-USDT,2026-05-28 04:00,摆动点,多,8,73186.8000,空,空,空,2.4286,7.4679,4.7230,1,0.1917,1,0.3514,1,0.4289
BTC-USDT,2026-05-28 05:00,摆动点,多,7,72996.1000,空,空,空,0.0000,7.4679,4.7230,1,0.7494,1,0.7588,1,0.9666
BTC-USDT,2026-05-28 06:00,摆动点,多,7,73203.3000,空,空,空,16.0313,7.4679,4.7230,1,0.2695,1,0.6162,1,0.7979
BTC-USDT,2026-05-28 07:00,摆动点,多,6,73504.0000,空,空,空,41.2609,7.4679,4.7230,1,0.0065,0,-0.1140,1,0.0301
BTC-USDT,2026-05-28 08:00,摆动点,多,6,73327.1000,空,空,空,45.2593,9.4903,4.7230,1,0.2738,1,0.3471,1,0.4459
BTC-USDT,2026-05-28 09:00,摆动点,多,6,73543.1000,空,空,空,63.7000,9.4903,4.7230,0,-0.7067,1,0.3897,1,0.2664
BTC-USDT,2026-05-28 10:00,摆动点,多,6,73400.6000,空,空,空,79.3048,9.4903,4.7230,0,-0.4974,1,0.0890,1,0.3133
BTC-USDT,2026-05-28 11:00,摆动点,多,6,73508.8000,空,空,空,93.1971,9.4903,4.7230,0,-0.7862,1,0.1537,0,-0.0363
BTC-USDT,2026-05-28 12:00,摆动点,多,6,73527.9000,空,空,空,98.2633,4.5859,4.7230,0,-0.1141,1,0.2613,0,-0.3110
BTC-USDT,2026-05-28 13:00,摆动点,多,6,73023.4000,空,空,空,76.4759,4.5859,4.7230,1,0.7211,1,0.7747,1,0.1682
BTC-USDT,2026-05-28 14:00,摆动点,多,6,73035.5000,空,空,空,71.7739,4.5859,4.7230,1,0.8474,1,0.2558,1,0.0800
BTC-USDT,2026-05-28 15:00,摆动点,多,6,72930.9000,空,空,空,61.6114,4.5859,4.7230,1,0.6709,1,0.5119,1,1.1995
BTC-USDT,2026-05-28 16:00,摆动点,多,6,73444.0000,空,空,空,87.6834,23.8283,17.7419,1,0.1874,1,0.0772,1,0.8310
BTC-USDT,2026-05-28 17:00,摆动点,多,6,73550.0000,空,空,空,93.2697,23.8283,17.7419,1,0.3803,1,0.2063,1,0.5826
BTC-USDT,2026-05-28 18:00,摆动点,多,6,73654.4000,空,空,空,100.0000,23.8283,17.7419,0,-0.2559,1,0.1806,0,-0.3815
BTC-USDT,2026-05-28 19:00,摆动点,多,6,73420.2000,空,空,空,88.1668,23.8283,17.7419,1,0.2746,1,0.1442,1,0.1376
BTC-USDT,2026-05-29 13:00,摆动点,多,6,73146.2000,空,空,空,11.0793,78.7683,17.7419,1,1.1379,1,0.7028,1,0.9458
BTC-USDT,2026-05-29 14:00,摆动点,多,6,73093.9000,空,空,空,3.0304,78.7683,17.7419,1,0.3824,1,0.9506,1,1.1417
BTC-USDT,2026-05-29 16:00,DMI纯分,空,6,74054.3000,空,空,空,83.3333,80.2949,23.6907,1,0.5139,1,0.9012,1,0.1562
BTC-USDT,2026-05-29 16:00,ADX加权,空,6,74054.3000,空,空,空,83.3333,80.2949,23.6907,1,0.5139,1,0.9012,1,0.1562
BTC-USDT,2026-05-31 07:00,摆动点,多,6,73853.6000,空,空,空,12.3432,81.2598,24.7981,1,0.1164,0,-0.4009,0,-1.4189
BTC-USDT,2026-05-31 09:00,摆动点,多,6,73844.4000,空,空,空,3.8431,83.1698,24.7981,1,0.0405,1,0.0669,0,-1.2949
BTC-USDT,2026-05-31 10:00,摆动点,多,6,73899.6000,空,空,空,13.7281,83.1698,24.7981,0,-0.4039,1,0.0599,0,-1.5482
BTC-USDT,2026-05-31 11:00,摆动点,多,6,73939.6000,空,空,空,19.4257,83.1698,24.7981,0,-0.3891,0,-0.3489,0,-1.9724
BTC-USDT,2026-05-31 12:00,摆动点,多,6,73919.9000,空,空,空,19.8875,60.5857,24.7981,0,-0.5260,0,-0.0503,0,-2.3051
BTC-USDT,2026-05-31 13:00,摆动点,多,6,73874.3000,空,空,空,11.8942,60.5857,24.7981,0,-0.2196,0,-0.7798,0,-2.9269
BTC-USDT,2026-05-31 14:00,摆动点,多,6,73601.1000,空,空,空,4.3847,60.5857,24.7981,1,0.0185,1,0.2537,0,-2.7500
BTC-USDT,2026-05-31 15:00,摆动点,多,6,73651.9000,空,空,空,7.7563,60.5857,24.7981,0,-0.1282,1,0.1498,0,-3.4233
BTC-USDT,2026-05-31 16:00,摆动点,多,7,73531.1000,空,空,空,1.6665,45.1088,8.7803,1,0.2989,0,-0.0133,0,-2.6766
BTC-USDT,2026-05-31 17:00,摆动点,多,6,73712.1000,空,空,空,22.4665,45.1088,8.7803,1,0.2465,0,-0.4954,0,-2.8994
HUMA-USDT,2026-05-19 08:00,摆动点,多,6,0.0218,多,空,空,8.9874,59.5840,10.2570,0,-1.2821,0,-2.9304,0,-3.4799
HUMA-USDT,2026-05-19 09:00,摆动点,多,6,0.0219,多,空,空,7.5491,59.5840,10.2570,0,-1.1431,0,-2.4691,0,-3.3379
HUMA-USDT,2026-05-19 10:00,摆动点,多,6,0.0218,多,空,空,1.1916,59.5840,10.2570,0,-1.7874,0,-3.4372,0,-2.2915
HUMA-USDT,2026-05-19 11:00,摆动点,多,6,0.0217,多,空,空,1.1916,59.5840,10.2570,0,-1.8399,0,-3.1279,0,-1.9779
HUMA-USDT,2026-05-19 13:00,摆动点,多,6,0.0216,空,空,空,7.6735,41.3222,10.2570,0,-2.2664,0,-1.2488,1,0.0463
HUMA-USDT,2026-05-19 14:00,摆动点,多,6,0.0214,空,空,空,1.9184,41.3222,10.2570,0,-1.3066,0,-1.1666,1,2.2865
HUMA-USDT,2026-05-19 15:00,摆动点,多,6,0.0213,空,空,空,1.9184,41.3222,10.2570,0,-0.7966,0,-1.3121,1,3.0459
HUMA-USDT,2026-05-20 01:00,摆动点,多,6,0.0214,空,空,空,86.2846,21.5447,12.6907,0,-1.9672,1,1.3115,1,4.3091
HUMA-USDT,2026-05-20 02:00,摆动点,多,6,0.0212,空,空,空,77.8202,21.5447,12.6907,1,0.7082,1,3.4939,1,6.5156
HUMA-USDT,2026-05-20 03:00,摆动点,多,6,0.0211,空,空,空,58.1249,21.5447,12.6907,1,0.7123,1,4.4160,1,7.1700
HUMA-USDT,2026-05-20 04:00,摆动点,多,6,0.0209,空,空,空,29.9157,34.4846,12.6907,1,0.9579,1,4.1667,1,10.4885
HUMA-USDT,2026-05-20 05:00,摆动点,多,6,0.0209,空,空,空,31.6927,34.4846,12.6907,1,1.0033,1,3.7745,1,10.8935
HUMA-USDT,2026-05-20 06:00,摆动点,多,6,0.0213,空,空,空,74.7956,34.4846,12.6907,0,-0.0469,1,3.8912,1,8.4857
HUMA-USDT,2026-05-20 07:00,摆动点,多,6,0.0212,空,空,空,76.7359,34.4846,12.6907,1,0.4715,1,4.7148,1,10.5611
HUMA-USDT,2026-05-20 08:00,摆动点,多,6,0.0211,空,空,空,71.6502,46.9172,12.6907,1,0.5693,1,6.0721,1,12.5712
HUMA-USDT,2026-05-20 09:00,摆动点,多,6,0.0211,空,空,空,72.5147,46.9172,12.6907,1,2.3179,1,6.0076,1,11.4948
HUMA-USDT,2026-05-20 10:00,摆动点,多,6,0.0213,多,空,空,89.1173,46.9172,12.6907,1,2.8143,1,3.9869,1,11.9606
HUMA-USDT,2026-05-20 11:00,摆动点,多,6,0.0213,多,空,空,94.3276,46.9172,12.6907,1,3.1910,1,3.0502,1,12.4824
HUMA-USDT,2026-05-20 12:00,摆动点,多,6,0.0212,多,空,空,86.0783,82.6672,12.6907,1,2.5943,1,3.5849,1,10.3302
HUMA-USDT,2026-05-20 13:00,摆动点,多,6,0.0216,多,空,空,96.3073,82.6672,12.6907,1,0.4161,1,2.9589,1,8.8303
HUMA-USDT,2026-05-20 14:00,摆动点,多,6,0.0219,多,空,空,96.5903,82.6672,12.6907,1,1.0949,1,2.9197,1,6.7518
HUMA-USDT,2026-05-20 15:00,摆动点,多,6,0.0220,多,空,空,100.0000,82.6672,12.6907,1,1.0005,1,2.6376,1,7.6398
HUMA-USDT,2026-05-26 21:00,DMI纯分,多,6,0.0255,多,多,多,7.9139,17.0140,71.1617,0,-0.9397,1,0.7439,0,-1.1355
HUMA-USDT,2026-05-26 21:00,摆动点,多,6,0.0255,多,多,多,7.9139,17.0140,71.1617,0,-0.9397,1,0.7439,0,-1.1355
HUMA-USDT,2026-05-26 22:00,摆动点,多,6,0.0255,空,多,多,3.9112,17.0140,71.1617,0,-0.5894,1,2.6326,0,-1.0216
HUMA-USDT,2026-05-26 23:00,摆动点,多,6,0.0253,空,多,多,0.4692,17.0140,71.1617,0,-0.3556,1,2.2126,0,-1.1063
HUMA-USDT,2026-05-27 01:00,DMI纯分,多,6,0.0253,多,多,多,11.2693,3.8247,71.1617,1,0.2372,1,0.7115,0,-2.4901
HUMA-USDT,2026-05-27 01:00,摆动点,多,6,0.0253,多,多,多,11.2693,3.8247,71.1617,1,0.2372,1,0.7115,0,-2.4901
HUMA-USDT,2026-05-27 02:00,DMI纯分,多,6,0.0253,多,多,多,12.3117,3.8247,71.1617,0,-0.5534,1,0.1976,0,-2.1739
HUMA-USDT,2026-05-27 02:00,摆动点,多,6,0.0253,多,多,多,12.3117,3.8247,71.1617,0,-0.5534,1,0.1976,0,-2.1739
HUMA-USDT,2026-05-27 03:00,DMI纯分,多,6,0.0252,多,多,多,3.6144,3.8247,71.1617,1,0.1983,1,0.4758,0,-3.7272
HUMA-USDT,2026-05-27 03:00,摆动点,多,6,0.0252,多,多,多,3.6144,3.8247,71.1617,1,0.1983,1,0.4758,0,-3.7272
HUMA-USDT,2026-05-27 04:00,DMI纯分,多,6,0.0252,多,多,多,3.1271,1.8445,71.1617,1,0.7534,0,-0.1190,0,-3.6479
HUMA-USDT,2026-05-27 04:00,摆动点,多,6,0.0252,多,多,多,3.1271,1.8445,71.1617,1,0.7534,0,-0.1190,0,-3.6479
HUMA-USDT,2026-05-27 05:00,DMI纯分,多,6,0.0254,多,多,多,16.0109,1.8445,71.1617,1,1.4590,0,-2.6814,0,-4.5741
HUMA-USDT,2026-05-27 05:00,摆动点,多,6,0.0254,多,多,多,16.0109,1.8445,71.1617,1,1.4590,0,-2.6814,0,-4.5741
HUMA-USDT,2026-05-27 06:00,DMI纯分,多,6,0.0252,多,多,多,4.5143,1.8445,71.1617,1,3.8156,1,1.8283,0,-4.1733
HUMA-USDT,2026-05-27 06:00,摆动点,多,6,0.0252,多,多,多,4.5143,1.8445,71.1617,1,3.8156,1,1.8283,0,-4.1733
HUMA-USDT,2026-05-27 07:00,DMI纯分,多,6,0.0253,多,多,多,17.7835,1.8445,71.1617,1,2.3744,1,1.8599,0,-4.1947
HUMA-USDT,2026-05-27 07:00,摆动点,多,6,0.0253,多,多,多,17.7835,1.8445,71.1617,1,2.3744,1,1.8599,0,-4.1947
HUMA-USDT,2026-05-27 15:00,DMI纯分,多,6,0.0253,多,多,多,19.8051,7.4604,71.1617,1,1.5785,0,-4.1831,0,-2.6440
HUMA-USDT,2026-05-27 15:00,摆动点,多,6,0.0253,多,多,多,19.8051,7.4604,71.1617,1,1.5785,0,-4.1831,0,-2.6440
HMSTR-USDT,2026-05-18 16:00,摆动点,多,6,0.0001,空,空,多,51.7260,48.1577,0.8319,1,0.8230,1,2.4691,1,1.7147
HMSTR-USDT,2026-05-18 17:00,摆动点,多,6,0.0001,空,空,多,63.6260,48.1577,0.8319,1,1.7760,1,1.8443,1,0.6148
HMSTR-USDT,2026-05-18 18:00,摆动点,多,6,0.0001,空,空,多,51.5027,48.1577,0.8319,1,2.6878,1,3.1013,1,1.5162
HMSTR-USDT,2026-05-18 19:00,摆动点,多,6,0.0001,空,空,多,85.8461,48.1577,0.8319,0,0.0000,1,1.3486,0,-1.0789
HMSTR-USDT,2026-05-18 20:00,摆动点,多,6,0.0001,空,空,多,79.0201,56.6490,0.8319,1,1.4966,1,1.7007,1,0.5442
HMSTR-USDT,2026-05-18 21:00,摆动点,多,6,0.0001,空,空,多,96.9531,56.6490,0.8319,0,-0.8725,0,0.0000,0,-0.4698
HMSTR-USDT,2026-05-18 22:00,摆动点,多,6,0.0001,空,空,多,96.9531,56.6490,0.8319,0,-0.6040,0,-0.8725,0,-1.5436
HMSTR-USDT,2026-05-18 23:00,摆动点,多,6,0.0001,空,空,多,93.5170,56.6490,0.8319,0,-0.4046,0,-0.9440,0,-0.5394
HMSTR-USDT,2026-05-19 00:00,摆动点,多,6,0.0001,空,空,多,98.3793,60.5525,0.8319,1,0.1340,0,-0.7373,0,-1.1394
HMSTR-USDT,2026-05-19 01:00,摆动点,多,6,0.0001,空,空,多,78.5967,60.5525,0.8319,1,0.9479,1,0.8802,1,0.5416
HMSTR-USDT,2026-05-19 02:00,摆动点,多,6,0.0001,空,空,多,80.9071,60.5525,0.8319,1,1.0128,0,-1.0128,0,-0.1350
HMSTR-USDT,2026-05-19 03:00,摆动点,多,6,0.0001,空,空,多,71.9871,60.5525,0.8319,1,1.7603,0,-0.6093,1,0.2031
HMSTR-USDT,2026-05-19 04:00,摆动点,多,6,0.0001,空,空,多,91.5806,87.3647,0.8319,1,0.0669,0,-0.7363,0,-0.5355
HMSTR-USDT,2026-05-19 05:00,摆动点,多,6,0.0001,空,空,多,90.7650,87.3647,0.8319,0,-0.0671,0,-1.2072,1,0.0671
HMSTR-USDT,2026-05-19 06:00,摆动点,多,6,0.0001,空,空,多,98.9119,87.3647,0.8319,0,-1.2701,0,-1.5374,0,-0.5348
HMSTR-USDT,2026-05-19 07:00,摆动点,多,6,0.0002,多,空,多,98.9119,87.3647,0.8319,0,-2.2621,0,-2.3952,0,-1.1311
HMSTR-USDT,2026-05-19 08:00,摆动点,多,6,0.0001,多,空,多,80.0217,64.9716,0.8319,0,-0.9365,0,-1.1371,0,-1.0033
HMSTR-USDT,2026-05-19 09:00,摆动点,多,6,0.0001,空,空,多,62.8967,64.9716,0.8319,0,0.0000,0,-0.4698,0,-0.2013
HMSTR-USDT,2026-05-19 10:00,摆动点,多,6,0.0001,空,空,多,20.3116,64.9716,0.8319,0,-0.7448,0,-0.6770,1,0.4739
HMSTR-USDT,2026-05-19 11:00,摆动点,多,7,0.0001,空,空,多,8.6395,64.9716,0.8319,0,-0.0681,1,0.4084,1,0.3404
HMSTR-USDT,2026-05-19 12:00,摆动点,多,6,0.0001,空,空,多,25.8853,64.3053,0.8319,1,0.1350,0,-0.4051,1,0.3376
HMSTR-USDT,2026-05-19 13:00,摆动点,多,6,0.0001,空,空,多,50.0694,64.3053,0.8319,0,-1.1409,0,-0.3356,0,-1.0067
HMSTR-USDT,2026-05-19 14:00,摆动点,多,7,0.0001,空,空,多,18.7746,64.3053,0.8319,1,0.4775,1,0.8868,1,1.8417
HMSTR-USDT,2026-05-19 15:00,摆动点,多,7,0.0001,空,空,多,16.7705,64.3053,0.8319,0,-0.0681,1,0.8174,1,1.9074
HMSTR-USDT,2026-05-19 16:00,摆动点,多,6,0.0001,空,空,多,36.5817,56.3058,5.0143,0,-0.3372,1,0.2023,1,0.8766
HMSTR-USDT,2026-05-19 17:00,摆动点,多,6,0.0001,空,空,多,27.5399,56.3058,5.0143,1,0.6789,1,1.2899,1,1.9688
HMSTR-USDT,2026-05-19 18:00,摆动点,多,6,0.0001,空,空,多,30.5217,56.3058,5.0143,0,-0.4073,1,1.0183,1,1.6293
HMSTR-USDT,2026-05-19 19:00,摆动点,多,7,0.0001,空,空,多,15.4311,56.3058,5.0143,1,0.5453,1,1.2952,1,2.6585
HMSTR-USDT,2026-05-19 20:00,摆动点,多,6,0.0001,空,空,多,36.1480,68.7608,5.0143,0,-0.2030,1,0.1353,1,2.0298
HMSTR-USDT,2026-05-19 21:00,摆动点,多,6,0.0001,空,空,多,63.2417,68.7608,5.0143,1,0.1349,1,0.2697,1,1.6183
HMSTR-USDT,2026-05-19 22:00,摆动点,多,6,0.0001,空,空,多,35.9649,68.7608,5.0143,1,0.8180,1,1.1588,1,2.5222
HMSTR-USDT,2026-05-19 23:00,摆动点,多,6,0.0001,空,空,多,57.7024,68.7608,5.0143,1,0.3390,0,-0.0678,1,2.1695
HMSTR-USDT,2026-05-20 00:00,摆动点,多,6,0.0001,空,空,多,54.3083,79.9162,5.0143,1,0.7458,1,0.7458,1,3.0508
HMSTR-USDT,2026-05-20 01:00,摆动点,多,6,0.0001,空,空,多,86.8971,79.9162,5.0143,1,0.4714,0,-0.6734,1,1.7508
HMSTR-USDT,2026-05-20 02:00,摆动点,多,6,0.0001,空,空,多,74.6626,79.9162,5.0143,1,0.6085,1,0.9466,1,2.0284
HMSTR-USDT,2026-05-20 03:00,摆动点,多,6,0.0001,空,空,多,79.7284,79.9162,5.0143,1,0.4054,1,1.0811,1,2.0946
HMSTR-USDT,2026-05-20 04:00,摆动点,多,6,0.0001,空,空,多,91.4097,93.6975,5.0143,0,-0.4038,1,0.6729,1,1.4805
HMSTR-USDT,2026-05-20 05:00,摆动点,多,6,0.0001,多,空,多,96.1062,93.6975,5.0143,0,-0.3351,1,0.6702,1,0.4692
HMSTR-USDT,2026-05-20 06:00,摆动点,多,6,0.0001,多,空,多,87.5630,93.6975,5.0143,0,-0.2688,1,0.6048,1,1.6801
HMSTR-USDT,2026-05-20 07:00,摆动点,多,6,0.0001,多,空,多,78.1397,93.6975,5.0143,0,-0.8075,1,1.3459,1,2.2880
HMSTR-USDT,2026-05-20 08:00,摆动点,多,6,0.0001,空,空,多,54.6744,84.7671,5.0143,1,0.4054,1,1.8919,1,2.5000
HMSTR-USDT,2026-05-20 09:00,摆动点,多,6,0.0001,多,空,多,68.8123,84.7671,5.0143,0,-0.8070,1,1.3450,1,1.6140
HMSTR-USDT,2026-05-20 10:00,摆动点,多,6,0.0001,多,空,多,58.7756,84.7671,5.0143,1,0.6065,1,1.3477,1,0.8760
HMSTR-USDT,2026-05-20 11:00,摆动点,多,6,0.0001,空,空,多,28.6666,84.7671,5.0143,1,1.4925,1,2.2388,1,1.8318
HMSTR-USDT,2026-05-20 12:00,摆动点,多,6,0.0001,空,空,多,55.1715,96.7250,5.0143,1,0.6729,1,2.2880,1,1.3459
HMSTR-USDT,2026-05-20 13:00,摆动点,多,7,0.0001,空,空,多,19.0368,96.7250,5.0143,1,1.8305,1,2.4407,1,2.1695
HMSTR-USDT,2026-05-20 14:00,摆动点,多,6,0.0001,多,空,多,75.8118,96.7250,5.0143,1,0.2679,1,1.0717,1,0.2679
HMSTR-USDT,2026-05-20 15:00,摆动点,多,6,0.0001,多,空,多,84.0969,96.7250,5.0143,1,0.6684,1,1.0027,1,0.8021
HMSTR-USDT,2026-05-20 16:00,摆动点,多,6,0.0001,多,空,多,99.1464,96.7250,10.4213,1,0.8021,1,0.8021,1,0.8690
HMSTR-USDT,2026-05-20 17:00,摆动点,多,6,0.0002,多,空,多,100.0000,96.7250,10.4213,1,0.3329,0,-0.1997,1,1.7976
HMSTR-USDT,2026-05-20 18:00,摆动点,多,6,0.0001,多,空,多,84.8227,96.7250,10.4213,1,0.4676,1,1.0688,1,1.5364
HMSTR-USDT,2026-05-20 19:00,摆动点,多,6,0.0002,多,空,多,96.2057,96.7250,10.4213,1,0.0664,1,0.9296,1,1.5936
HMSTR-USDT,2026-05-20 20:00,摆动点,多,6,0.0002,多,空,多,96.2057,100.0000,10.4213,1,0.7958,1,0.5968,1,1.1273
HMSTR-USDT,2026-05-20 21:00,摆动点,多,6,0.0002,多,空,多,96.9731,100.0000,10.4213,1,0.2654,1,0.2654,1,1.1281
HMSTR-USDT,2026-05-20 22:00,摆动点,多,6,0.0002,多,空,多,86.8779,100.0000,10.4213,1,0.3324,0,-0.4654,1,1.1303
HMSTR-USDT,2026-05-20 23:00,摆动点,多,6,0.0002,多,空,多,90.6193,100.0000,10.4213,1,0.2654,0,-0.3981,1,0.9290
HMSTR-USDT,2026-05-21 00:00,摆动点,多,6,0.0002,多,空,多,95.5255,100.0000,10.4213,0,-0.7895,0,-0.9211,0,-0.7895
HMSTR-USDT,2026-05-21 01:00,摆动点,多,6,0.0002,多,空,多,75.8531,100.0000,10.4213,0,-0.7942,0,-0.2647,1,0.3309
HMSTR-USDT,2026-05-21 02:00,摆动点,多,6,0.0002,多,空,多,66.7331,100.0000,10.4213,1,0.2651,0,-0.7952,1,0.7952
HMSTR-USDT,2026-05-21 03:00,摆动点,多,6,0.0002,多,空,多,44.2381,100.0000,10.4213,1,0.5956,0,-0.1985,1,0.5956
HMSTR-USDT,2026-05-21 04:00,DMI纯分,多,6,0.0002,多,空,多,19.8239,100.0000,10.4213,1,0.5968,1,0.0663,1,0.5305
HMSTR-USDT,2026-05-21 04:00,摆动点,多,7,0.0002,多,空,多,19.8239,100.0000,10.4213,1,0.5968,1,0.0663,1,0.5305
HMSTR-USDT,2026-05-21 05:00,DMI纯分,多,6,0.0001,多,空,多,6.9171,100.0000,10.4213,1,0.8005,1,2.0013,1,1.1341
HMSTR-USDT,2026-05-21 05:00,摆动点,多,7,0.0001,多,空,多,6.9171,100.0000,10.4213,1,0.8005,1,2.0013,1,1.1341
HMSTR-USDT,2026-05-21 06:00,摆动点,多,6,0.0002,多,空,多,34.9675,100.0000,10.4213,0,-1.0575,1,0.4627,1,0.0661
HMSTR-USDT,2026-05-21 07:00,摆动点,多,6,0.0002,多,空,多,56.7387,100.0000,10.4213,0,-1.2500,1,0.6579,1,0.1974
HMSTR-USDT,2026-05-21 08:00,摆动点,多,6,0.0002,多,空,多,59.5313,78.6547,10.4213,0,-0.7251,1,0.5274,0,0.0000
HMSTR-USDT,2026-05-21 09:00,摆动点,多,6,0.0002,多,空,多,42.8001,78.6547,10.4213,0,-0.2647,1,0.8604,1,0.0662
HMSTR-USDT,2026-05-21 10:00,DMI纯分,多,6,0.0001,多,空,多,14.9938,78.6547,10.4213,0,0.0000,1,1.6032,1,1.0020
HMSTR-USDT,2026-05-21 10:00,摆动点,多,7,0.0001,多,空,多,14.9938,78.6547,10.4213,0,0.0000,1,1.6032,1,1.0020
HMSTR-USDT,2026-05-21 11:00,DMI纯分,多,6,0.0002,多,空,多,13.5826,78.6547,10.4213,1,0.4664,1,1.3324,1,1.1992
HMSTR-USDT,2026-05-21 11:00,摆动点,多,7,0.0002,多,空,多,13.5826,78.6547,10.4213,1,0.4664,1,1.3324,1,1.1992
HMSTR-USDT,2026-05-21 12:00,摆动点,多,6,0.0002,空,空,多,20.5768,81.9334,10.4213,1,0.1992,1,0.1328,1,1.4608
HMSTR-USDT,2026-05-21 13:00,摆动点,多,6,0.0002,空,空,多,27.2450,81.9334,10.4213,1,1.4599,1,0.5972,1,0.9290
HMSTR-USDT,2026-05-21 14:00,摆动点,多,7,0.0001,空,空,多,9.7577,81.9334,10.4213,1,1.5364,1,1.6032,1,0.8016
HMSTR-USDT,2026-05-21 15:00,摆动点,多,6,0.0002,多,空,多,33.9776,81.9334,10.4213,1,1.4589,1,0.7958,1,0.0663
HMSTR-USDT,2026-05-21 16:00,DMI纯分,多,6,0.0002,多,多,多,38.5220,91.4811,14.0167,1,1.0603,1,0.4639,0,-0.2651
HMSTR-USDT,2026-05-21 16:00,摆动点,多,6,0.0002,多,多,多,38.5220,91.4811,14.0167,1,1.0603,1,0.4639,0,-0.2651
HMSTR-USDT,2026-05-21 17:00,DMI纯分,多,6,0.0002,多,多,多,81.7053,91.4811,14.0167,0,-0.3270,0,-0.8502,0,-1.4388
HMSTR-USDT,2026-05-21 17:00,摆动点,多,6,0.0002,多,多,多,81.7053,91.4811,14.0167,0,-0.3270,0,-0.8502,0,-1.4388
HMSTR-USDT,2026-05-21 18:00,DMI纯分,多,6,0.0002,多,多,多,68.3388,91.4811,14.0167,1,0.0658,0,-0.3947,0,-2.1711
HMSTR-USDT,2026-05-21 18:00,摆动点,多,6,0.0002,多,多,多,68.3388,91.4811,14.0167,1,0.0658,0,-0.3947,0,-2.1711
HMSTR-USDT,2026-05-21 19:00,DMI纯分,多,6,0.0002,多,多,多,88.4255,91.4811,14.0167,0,-0.5882,0,-0.4575,0,-4.6405
HMSTR-USDT,2026-05-21 19:00,摆动点,多,6,0.0002,多,多,多,88.4255,91.4811,14.0167,0,-0.5882,0,-0.4575,0,-4.6405
HMSTR-USDT,2026-05-21 20:00,DMI纯分,多,6,0.0002,多,多,多,74.5501,87.6927,14.0167,0,-1.1148,0,-0.5246,0,-3.8033
HMSTR-USDT,2026-05-21 20:00,摆动点,多,6,0.0002,多,多,多,74.5501,87.6927,14.0167,0,-1.1148,0,-0.5246,0,-3.8033
HMSTR-USDT,2026-05-21 21:00,DMI纯分,多,6,0.0002,多,多,多,73.1682,87.6927,14.0167,0,-0.5249,0,-0.7874,0,-3.2152
HMSTR-USDT,2026-05-21 21:00,摆动点,多,6,0.0002,多,多,多,73.1682,87.6927,14.0167,0,-0.5249,0,-0.7874,0,-3.2152
HMSTR-USDT,2026-05-21 22:00,DMI纯分,多,6,0.0002,多,多,多,61.6412,87.6927,14.0167,0,0.0000,0,-0.5917,0,-3.4188
HMSTR-USDT,2026-05-21 22:00,摆动点,多,6,0.0002,多,多,多,61.6412,87.6927,14.0167,0,0.0000,0,-0.5917,0,-3.4188
HMSTR-USDT,2026-05-21 23:00,DMI纯分,多,6,0.0002,多,多,多,59.0628,87.6927,14.0167,0,-0.0657,0,-0.1315,0,-4.6680
HMSTR-USDT,2026-05-21 23:00,摆动点,多,6,0.0002,多,多,多,59.0628,87.6927,14.0167,0,-0.0657,0,-0.1315,0,-4.6680
HMSTR-USDT,2026-05-22 00:00,摆动点,多,6,0.0002,多,空,多,24.4412,86.1848,14.0167,1,0.5305,1,1.3263,0,-3.1830
HMSTR-USDT,2026-05-22 01:00,摆动点,多,6,0.0002,多,空,多,34.7332,86.1848,14.0167,0,0.0000,1,0.3298,0,-3.0343
HMSTR-USDT,2026-05-22 02:00,摆动点,多,6,0.0002,多,空,多,41.9514,86.1848,14.0167,0,-0.4602,0,-0.7890,0,-2.9586
HMSTR-USDT,2026-05-22 03:00,摆动点,多,6,0.0002,多,空,多,46.6083,86.1848,14.0167,1,0.1974,0,-0.7237,0,-2.6974
HMSTR-USDT,2026-05-22 04:00,摆动点,多,6,0.0002,多,空,多,33.8693,86.3919,14.0167,1,0.0660,0,-0.7256,0,-3.3641
HMSTR-USDT,2026-05-22 05:00,摆动点,多,6,0.0002,多,空,多,29.5144,86.3919,14.0167,0,-0.2639,0,-0.5937,0,-3.4301
HMSTR-USDT,2026-05-22 06:00,DMI纯分,多,6,0.0002,多,空,多,19.5206,86.3919,14.0167,0,-0.1321,0,-1.7834,0,-3.5667
HMSTR-USDT,2026-05-22 06:00,摆动点,多,7,0.0002,多,空,多,19.5206,86.3919,14.0167,0,-0.1321,0,-1.7834,0,-3.5667
HMSTR-USDT,2026-05-22 07:00,摆动点,多,6,0.0002,多,空,多,47.7413,86.3919,14.0167,0,-0.2626,0,-4.2022,0,-6.4347
HMSTR-USDT,2026-05-22 08:00,摆动点,多,6,0.0002,多,空,多,32.1068,81.0165,14.0167,1,0.7251,0,-3.2960,0,-5.9987
HMSTR-USDT,2026-05-22 09:00,DMI纯分,多,6,0.0002,多,空,多,18.1793,81.0165,14.0167,1,0.5952,0,-2.4471,0,-6.2169
HMSTR-USDT,2026-05-22 09:00,摆动点,多,7,0.0002,多,空,多,18.1793,81.0165,14.0167,1,0.5952,0,-2.4471,0,-6.2169
HMSTR-USDT,2026-05-22 10:00,DMI纯分,多,6,0.0002,多,空,多,9.0014,81.0165,14.0167,0,-0.1984,0,-2.8439,0,-6.3492
HMSTR-USDT,2026-05-22 10:00,摆动点,多,7,0.0002,多,空,多,9.0014,81.0165,14.0167,0,-0.1984,0,-2.8439,0,-6.3492
HMSTR-USDT,2026-05-22 11:00,摆动点,多,6,0.0002,多,空,多,45.7136,81.0165,14.0167,0,-0.6583,0,-4.5425,0,-7.0441
HMSTR-USDT,2026-05-22 12:00,摆动点,多,6,0.0002,多,空,多,78.5326,66.8126,14.0167,0,-1.5052,0,-4.4503,0,-6.4136
HMSTR-USDT,2026-05-22 13:00,摆动点,多,6,0.0002,多,空,多,62.1436,66.8126,14.0167,0,-0.9204,0,-3.3531,0,-5.2597
HMSTR-USDT,2026-05-22 14:00,摆动点,多,6,0.0002,多,空,多,25.2820,66.8126,14.0167,0,-1.4579,0,-2.1869,0,-3.7111
HMSTR-USDT,2026-05-22 15:00,DMI纯分,多,6,0.0002,多,空,多,8.6153,66.8126,14.0167,0,-3.3135,0,-1.9881,0,-3.9099
HMSTR-USDT,2026-05-22 15:00,摆动点,多,7,0.0002,多,空,多,8.6153,66.8126,14.0167,0,-3.3135,0,-1.9881,0,-3.9099
HMSTR-USDT,2026-05-22 16:00,摆动点,多,6,0.0002,空,空,多,0.0000,22.9412,5.2539,0,-2.5249,0,-2.6578,0,-3.4551
HMSTR-USDT,2026-05-22 17:00,摆动点,多,7,0.0002,空,空,多,6.7117,22.9412,5.2539,0,-2.1234,0,-2.8534,0,-3.9151
HMSTR-USDT,2026-05-22 18:00,摆动点,多,7,0.0001,空,空,多,1.6779,22.9412,5.2539,0,-1.2105,0,-1.8157,0,-2.0175
HMSTR-USDT,2026-05-22 19:00,摆动点,多,7,0.0001,空,空,多,1.6779,22.9412,5.2539,0,-0.6169,0,-2.3304,0,-0.1371
HMSTR-USDT,2026-05-22 20:00,DMI纯分,多,6,0.0001,空,空,多,10.9146,9.7719,5.2539,0,-0.4772,0,-2.7948,1,2.0450
HMSTR-USDT,2026-05-22 20:00,ADX加权,多,6,0.0001,空,空,多,10.9146,9.7719,5.2539,0,-0.4772,0,-2.7948,1,2.0450
HMSTR-USDT,2026-05-22 20:00,摆动点,多,8,0.0001,空,空,多,10.9146,9.7719,5.2539,0,-0.4772,0,-2.7948,1,2.0450
HMSTR-USDT,2026-05-22 21:00,摆动点,多,6,0.0001,空,空,多,23.7670,9.7719,5.2539,0,-0.3390,0,-3.8644,1,0.8814
HMSTR-USDT,2026-05-22 22:00,摆动点,多,6,0.0001,空,空,多,24.9010,9.7719,5.2539,1,0.4765,0,-3.6079,1,1.2253
HMSTR-USDT,2026-05-22 23:00,DMI纯分,多,6,0.0001,空,空,多,15.2004,9.7719,5.2539,1,2.0000,0,-2.6207,1,2.3448
HMSTR-USDT,2026-05-22 23:00,ADX加权,多,6,0.0001,空,空,多,15.2004,9.7719,5.2539,1,2.0000,0,-2.6207,1,2.3448
HMSTR-USDT,2026-05-22 23:00,摆动点,多,7,0.0001,空,空,多,15.2004,9.7719,5.2539,1,2.0000,0,-2.6207,1,2.3448
HMSTR-USDT,2026-05-23 01:00,摆动点,多,6,0.0001,空,空,多,34.4179,30.6058,5.2539,0,-0.4082,0,-1.9728,0,0.0000
HMSTR-USDT,2026-05-23 02:00,摆动点,多,6,0.0001,空,空,多,52.7989,30.6058,5.2539,0,-1.0840,0,-1.5583,0,-0.4743
HMSTR-USDT,2026-05-23 03:00,摆动点,多,6,0.0001,空,空,多,79.1657,30.6058,5.2539,0,-3.6511,0,-1.9608,0,-1.5551
HMSTR-USDT,2026-05-23 04:00,摆动点,多,7,0.0001,空,空,多,70.0191,7.6515,5.2539,0,-2.6621,0,-0.8191,0,-0.4096
HMSTR-USDT,2026-05-23 05:00,摆动点,多,7,0.0001,空,空,多,71.5339,7.6515,5.2539,0,-3.1421,0,-1.0929,0,-0.8197
HMSTR-USDT,2026-05-23 06:00,摆动点,多,7,0.0001,空,空,多,62.3158,7.6515,5.2539,0,-3.0137,0,-0.2055,0,-0.1370
HMSTR-USDT,2026-05-23 07:00,摆动点,多,7,0.0001,空,空,多,27.4065,7.6515,5.2539,0,-0.9123,1,2.2456,1,1.5439
HMSTR-USDT,2026-05-23 08:00,DMI纯分,多,6,0.0001,空,空,多,19.7393,7.6515,5.2539,1,0.2805,1,4.9790,1,1.4727
HMSTR-USDT,2026-05-23 08:00,ADX加权,多,6,0.0001,空,空,多,19.7393,7.6515,5.2539,1,0.2805,1,4.9790,1,1.4727
HMSTR-USDT,2026-05-23 08:00,摆动点,多,8,0.0001,空,空,多,19.7393,7.6515,5.2539,1,0.2805,1,4.9790,1,1.4727
HMSTR-USDT,2026-05-23 09:00,DMI纯分,多,6,0.0001,空,空,多,3.5890,7.6515,5.2539,1,1.6220,1,4.9365,1,2.1157
HMSTR-USDT,2026-05-23 09:00,ADX加权,多,6,0.0001,空,空,多,3.5890,7.6515,5.2539,1,1.6220,1,4.9365,1,2.1157
HMSTR-USDT,2026-05-23 09:00,摆动点,多,7,0.0001,空,空,多,3.5890,7.6515,5.2539,1,1.6220,1,4.9365,1,2.1157
HMSTR-USDT,2026-05-23 10:00,DMI纯分,多,6,0.0001,空,空,多,2.0512,7.6515,5.2539,1,2.6130,1,5.0141,1,1.9068
HMSTR-USDT,2026-05-23 10:00,ADX加权,多,6,0.0001,空,空,多,2.0512,7.6515,5.2539,1,2.6130,1,5.0141,1,1.9068
HMSTR-USDT,2026-05-23 10:00,摆动点,多,7,0.0001,空,空,多,2.0512,7.6515,5.2539,1,2.6130,1,5.0141,1,1.9068
HMSTR-USDT,2026-05-23 11:00,摆动点,多,6,0.0001,空,空,多,0.0000,7.6515,5.2539,1,2.6912,1,5.0992,1,1.8414
HMSTR-USDT,2026-05-23 14:00,摆动点,多,6,0.0001,空,空,多,90.1215,29.6376,5.2539,1,0.2753,1,1.1012,0,-2.5465
HMSTR-USDT,2026-05-23 15:00,摆动点,多,6,0.0001,空,空,多,93.9436,29.6376,5.2539,1,0.4828,1,0.4138,0,-2.4828
HMSTR-USDT,2026-05-23 16:00,摆动点,多,6,0.0001,空,空,多,99.1212,41.9219,2.7307,1,3.0282,1,0.4129,0,-2.7529
HMSTR-USDT,2026-05-23 17:00,摆动点,多,6,0.0001,空,空,多,92.8260,41.9219,2.7307,1,2.7624,1,0.2762,0,-2.3481
HMSTR-USDT,2026-05-23 18:00,摆动点,多,6,0.0001,空,空,多,98.4262,41.9219,2.7307,1,2.0590,1,0.0686,0,-3.4317
HMSTR-USDT,2026-05-23 19:00,摆动点,多,6,0.0001,空,空,多,98.4262,41.9219,2.7307,1,1.8531,0,-0.6863,0,-3.2944
HMSTR-USDT,2026-05-24 03:00,摆动点,多,6,0.0001,空,空,多,15.8693,62.2436,2.7307,0,-0.6181,0,-2.8846,0,-2.4725
HMSTR-USDT,2026-05-24 04:00,摆动点,多,6,0.0001,空,空,多,12.0154,58.7506,2.7307,0,-0.8225,0,-3.1528,0,-2.2618
HMSTR-USDT,2026-05-24 05:00,摆动点,多,6,0.0001,空,空,多,1.2990,58.7506,2.7307,0,-0.2755,0,-2.6171,0,-1.1708
HMSTR-USDT,2026-05-24 06:00,摆动点,多,6,0.0001,空,空,多,11.4605,58.7506,2.7307,0,-1.0288,0,-3.4979,0,-1.6461
HMSTR-USDT,2026-05-24 07:00,摆动点,多,6,0.0001,空,空,多,2.5404,58.7506,2.7307,0,-0.6220,0,-2.6261,0,-0.2073
HMSTR-USDT,2026-05-24 08:00,摆动点,多,6,0.0001,空,空,多,2.5404,49.5964,2.7307,0,-0.8984,0,-3.3172,1,0.1382
HMSTR-USDT,2026-05-24 09:00,摆动点,多,6,0.0001,空,空,多,1.8058,49.5964,2.7307,0,-2.0718,0,-4.4890,0,-0.4144
HMSTR-USDT,2026-05-24 10:00,摆动点,多,6,0.0001,空,空,多,0.4514,49.5964,2.7307,0,-1.8711,0,-3.0492,1,1.1781
HMSTR-USDT,2026-05-24 11:00,摆动点,多,6,0.0001,空,空,多,0.4514,49.5964,2.7307,0,-1.6690,0,-1.6690,1,0.9040
HMSTR-USDT,2026-05-28 05:00,摆动点,多,6,0.0002,空,多,多,13.8270,1.7843,67.9776,0,-2.5387,1,0.6811,1,11.4551
HMSTR-USDT,2026-05-28 06:00,摆动点,多,6,0.0002,空,多,多,6.9957,1.7843,67.9776,0,-2.1384,1,1.5723,1,8.4906
HMSTR-USDT,2026-05-28 12:00,摆动点,多,6,0.0002,空,多,多,14.1881,6.1490,67.9776,1,2.2336,1,7.4665,1,3.5737
HMSTR-USDT,2026-05-30 14:00,摆动点,多,6,0.0002,空,多,多,11.2113,17.5106,68.7043,1,0.7273,0,-0.6061,0,-1.2727
HMSTR-USDT,2026-05-30 15:00,摆动点,多,6,0.0002,空,多,多,4.6304,17.5106,68.7043,1,0.4866,0,0.0000,0,-0.1217
HMSTR-USDT,2026-05-30 21:00,摆动点,多,6,0.0002,空,多,多,14.0798,4.5020,69.6841,1,0.5484,0,-0.2438,1,1.5235
HMSTR-USDT,2026-05-30 22:00,摆动点,多,6,0.0002,空,多,多,4.4486,4.5020,69.6841,1,1.0474,1,2.1565,1,3.8817
HMSTR-USDT,2026-05-30 23:00,摆动点,多,6,0.0002,空,多,多,0.2845,4.5020,69.6841,1,1.2939,1,2.0333,1,3.5120
HMSTR-USDT,2026-05-31 16:00,摆动点,多,6,0.0002,空,多,多,11.2317,18.3149,74.1628,1,1.9065,1,5.7196,1,6.4576
PUMP-USDT,2026-05-19 00:00,DMI纯分,空,6,0.0017,空,空,空,96.2630,85.9949,0.0000,1,0.1744,1,1.1628,1,2.6744
PUMP-USDT,2026-05-19 00:00,ADX加权,空,6,0.0017,空,空,空,96.2630,85.9949,0.0000,1,0.1744,1,1.1628,1,2.6744
PUMP-USDT,2026-05-19 04:00,DMI纯分,空,6,0.0017,空,空,空,85.8367,98.0345,0.0000,1,0.6989,1,0.9901,1,1.9220
PUMP-USDT,2026-05-19 06:00,DMI纯分,空,6,0.0017,空,空,空,82.2361,98.0345,0.0000,1,0.0585,1,1.2281,1,0.4094
PUMP-USDT,2026-05-19 07:00,DMI纯分,空,6,0.0017,空,空,空,87.1938,98.0345,0.0000,1,1.4569,1,1.6900,1,0.9907
PUMP-USDT,2026-05-20 00:00,摆动点,多,6,0.0017,空,空,空,14.4384,57.3674,13.6249,1,0.5974,1,3.4050,1,5.9737
PUMP-USDT,2026-05-20 02:00,摆动点,多,6,0.0017,空,空,空,30.1700,57.3674,13.6249,1,1.6110,1,4.8329,1,6.3246
PUMP-USDT,2026-05-20 03:00,摆动点,多,6,0.0017,空,空,空,34.1970,57.3674,13.6249,1,1.4328,1,6.0299,1,7.2239
PUMP-USDT,2026-05-20 04:00,摆动点,多,6,0.0017,空,空,空,60.3086,85.1357,13.6249,1,1.2470,1,5.4038,1,6.4133
PUMP-USDT,2026-05-20 05:00,摆动点,多,6,0.0017,多,空,空,84.3907,85.1357,13.6249,1,0.5879,1,3.9976,1,4.5855
PUMP-USDT,2026-05-20 06:00,摆动点,多,6,0.0017,多,空,空,95.9569,85.1357,13.6249,1,0.9395,1,2.9947,1,3.7581
PUMP-USDT,2026-05-20 07:00,摆动点,多,6,0.0017,多,空,空,90.7402,85.1357,13.6249,1,1.0006,1,3.0606,1,4.7675
PUMP-USDT,2026-05-20 08:00,摆动点,多,6,0.0017,多,空,空,97.6851,92.3162,13.6249,1,1.5249,1,2.0528,1,4.5748
PUMP-USDT,2026-05-20 09:00,摆动点,多,6,0.0017,多,空,空,97.6851,92.3162,13.6249,1,1.6365,1,1.7534,1,3.6236
PUMP-USDT,2026-05-20 10:00,摆动点,多,6,0.0017,多,空,空,100.0000,92.3162,13.6249,1,2.2106,1,1.1635,1,1.8615
PUMP-USDT,2026-05-20 11:00,摆动点,多,6,0.0017,多,空,空,94.1655,92.3162,13.6249,1,3.4965,1,1.6317,1,1.1655
PUMP-USDT,2026-05-20 12:00,摆动点,多,6,0.0017,多,多,空,98.5414,100.0000,13.6249,1,2.5419,1,2.4841,1,0.9821
PUMP-USDT,2026-05-20 13:00,摆动点,多,6,0.0017,多,多,空,98.5414,100.0000,13.6249,1,1.7251,1,2.6452,1,2.1277
PUMP-USDT,2026-05-20 14:00,摆动点,多,6,0.0018,多,多,空,100.0000,100.0000,13.6249,0,-0.1707,1,1.4229,1,1.1383
PUMP-USDT,2026-05-20 15:00,摆动点,多,6,0.0018,多,多,空,100.0000,100.0000,13.6249,0,-1.4077,1,1.1261,1,1.6329
PUMP-USDT,2026-05-20 21:00,DMI纯分,多,6,0.0017,多,多,多,11.2074,79.2057,20.6541,1,2.5273,1,1.8380,1,4.3079
PUMP-USDT,2026-05-20 21:00,ADX加权,多,6,0.0017,多,多,多,11.2074,79.2057,20.6541,1,2.5273,1,1.8380,1,4.3079
PUMP-USDT,2026-05-20 21:00,摆动点,多,6,0.0017,多,多,多,11.2074,79.2057,20.6541,1,2.5273,1,1.8380,1,4.3079
PUMP-USDT,2026-05-20 22:00,DMI纯分,多,6,0.0017,多,多,多,2.8951,79.2057,20.6541,1,2.4727,1,0.6901,1,4.7154
PUMP-USDT,2026-05-20 22:00,ADX加权,多,6,0.0017,多,多,多,2.8951,79.2057,20.6541,1,2.4727,1,0.6901,1,4.7154
PUMP-USDT,2026-05-20 22:00,摆动点,多,6,0.0017,多,多,多,2.8951,79.2057,20.6541,1,2.4727,1,0.6901,1,4.7154
PUMP-USDT,2026-05-20 23:00,DMI纯分,多,6,0.0017,多,多,多,7.4348,79.2057,20.6541,1,2.9817,0,-0.4587,1,4.1858
PUMP-USDT,2026-05-20 23:00,ADX加权,多,6,0.0017,多,多,多,7.4348,79.2057,20.6541,1,2.9817,0,-0.4587,1,4.1858
PUMP-USDT,2026-05-20 23:00,摆动点,多,6,0.0017,多,多,多,7.4348,79.2057,20.6541,1,2.9817,0,-0.4587,1,4.1858
PUMP-USDT,2026-05-21 09:00,DMI纯分,多,6,0.0018,多,多,多,17.9269,70.1101,20.6541,1,0.1692,1,2.4253,1,3.4405
PUMP-USDT,2026-05-21 09:00,摆动点,多,6,0.0018,多,多,多,17.9269,70.1101,20.6541,1,0.1692,1,2.4253,1,3.4405
PUMP-USDT,2026-05-21 10:00,摆动点,多,6,0.0018,空,多,多,7.9210,70.1101,20.6541,1,1.4849,1,3.9977,1,2.9126
PUMP-USDT,2026-05-21 11:00,摆动点,多,6,0.0017,空,多,多,1.5077,70.1101,20.6541,1,3.9747,1,4.6659,1,5.1843
PUMP-USDT,2026-05-21 12:00,摆动点,多,6,0.0017,空,多,多,10.6683,87.8167,20.6541,1,1.7162,1,3.0320,1,6.4073
PUMP-USDT,2026-05-22 15:00,摆动点,多,6,0.0018,空,多,多,11.4690,76.8240,25.6108,0,-3.9779,0,-5.0276,0,-5.7459
PUMP-USDT,2026-05-22 16:00,摆动点,多,7,0.0018,空,空,空,5.2375,26.8906,15.1051,0,-3.9183,0,-5.7395,0,-5.0773
PUMP-USDT,2026-05-22 17:00,摆动点,多,7,0.0018,空,空,空,1.7352,26.8906,15.1051,0,-3.2115,0,-5.4817,0,-4.7065
PUMP-USDT,2026-05-22 18:00,摆动点,多,7,0.0018,空,空,空,1.1674,26.8906,15.1051,0,-1.9274,0,-3.5714,0,-0.6803
PUMP-USDT,2026-05-22 19:00,摆动点,多,6,0.0017,空,空,空,0.0000,26.8906,15.1051,0,-1.8412,0,-5.4085,1,1.3234
PUMP-USDT,2026-05-22 20:00,摆动点,多,8,0.0017,空,空,空,2.1266,11.5259,15.1051,0,-1.6657,0,-5.5715,1,5.5715
PUMP-USDT,2026-05-22 21:00,摆动点,多,7,0.0017,空,空,空,7.7490,11.5259,15.1051,0,-2.0595,0,-6.2357,1,2.7460
PUMP-USDT,2026-05-22 22:00,摆动点,多,7,0.0017,空,空,空,2.3360,11.5259,15.1051,0,-0.6936,0,-4.9711,1,2.8324
PUMP-USDT,2026-05-22 23:00,摆动点,多,7,0.0017,空,空,空,1.8043,11.5259,15.1051,1,0.7620,0,-3.5756,1,4.2204
PUMP-USDT,2026-05-23 00:00,摆动点,多,7,0.0017,空,空,空,4.0735,7.3297,15.1051,0,-0.2336,0,-3.5047,1,4.0304
PUMP-USDT,2026-05-23 01:00,摆动点,多,8,0.0017,空,空,空,5.0918,7.3297,15.1051,0,-0.2921,0,-2.3949,1,3.6215
PUMP-USDT,2026-05-23 02:00,摆动点,多,8,0.0017,空,空,空,12.6243,7.3297,15.1051,0,-0.9895,0,-0.8731,1,3.3178
PUMP-USDT,2026-05-23 03:00,摆动点,多,8,0.0017,空,空,空,19.3039,7.3297,15.1051,0,-4.3630,0,-0.7563,1,2.4433
PUMP-USDT,2026-05-23 04:00,摆动点,多,8,0.0017,空,空,空,14.4365,1.8324,15.1051,0,-3.7471,1,0.7026,1,3.3372
PUMP-USDT,2026-05-23 05:00,摆动点,多,8,0.0017,空,空,空,13.0528,1.8324,15.1051,0,-3.9836,1,0.8202,1,2.7534
PUMP-USDT,2026-05-23 06:00,摆动点,多,8,0.0017,空,空,空,6.8235,1.8324,15.1051,0,-3.3510,1,2.9982,1,3.9389
PUMP-USDT,2026-05-23 07:00,摆动点,多,8,0.0016,空,空,空,2.5583,1.8324,15.1051,1,0.0608,1,7.1168,1,7.2384
PUMP-USDT,2026-05-23 08:00,摆动点,多,8,0.0016,空,空,空,0.7651,2.2825,15.1051,1,0.4866,1,11.8005,1,8.1509
PUMP-USDT,2026-05-23 09:00,摆动点,多,6,0.0016,空,空,空,0.0000,2.2825,15.1051,1,1.9524,1,9.5790,1,8.4198
PUMP-USDT,2026-05-23 10:00,摆动点,多,7,0.0016,空,空,空,9.6471,2.2825,15.1051,1,3.5888,1,8.2117,1,7.9684
PUMP-USDT,2026-05-23 11:00,摆动点,多,7,0.0016,空,空,空,16.2546,2.2825,15.1051,1,3.7082,1,8.0851,1,7.9635
PUMP-USDT,2026-05-25 04:00,DMI纯分,空,6,0.0018,空,空,空,93.7830,87.8651,56.2893,0,-1.6505,0,-4.3256,0,-0.5122
PUMP-USDT,2026-05-25 05:00,DMI纯分,空,6,0.0018,空,空,空,97.0835,87.8651,56.2893,0,-0.9075,0,-4.4243,0,-1.5882
PUMP-USDT,2026-05-25 06:00,DMI纯分,空,6,0.0018,空,空,空,97.7897,87.8651,56.2893,0,-1.6468,0,-3.4639,0,-1.0789
PUMP-USDT,2026-05-25 07:00,DMI纯分,空,6,0.0018,空,空,空,99.4474,87.8651,56.2893,0,-0.0565,0,-2.2021,0,-0.3953
PUMP-USDT,2026-05-25 16:00,DMI纯分,空,6,0.0018,多,多,空,97.6640,99.8154,83.3447,1,2.0185,1,3.6552,1,0.3819
PUMP-USDT,2026-05-25 17:00,DMI纯分,空,6,0.0018,多,多,空,97.6640,99.8154,83.3447,1,1.7925,1,2.7159,1,3.0418
PUMP-USDT,2026-05-26 12:00,DMI纯分,空,6,0.0018,多,多,空,87.2067,86.9728,83.3447,0,-1.1634,0,-1.3296,0,-1.6066
PUMP-USDT,2026-05-26 13:00,DMI纯分,空,6,0.0018,多,多,空,94.3304,86.9728,83.3447,1,1.9769,1,0.7688,1,0.9885
PUMP-USDT,2026-05-26 14:00,DMI纯分,空,6,0.0018,多,多,空,97.6254,86.9728,83.3447,1,1.4827,1,1.2081,1,0.6590
PUMP-USDT,2026-05-26 15:00,DMI纯分,空,6,0.0019,多,多,空,100.0000,86.9728,83.3447,1,1.7819,1,3.5637,0,-0.0000
PUMP-USDT,2026-05-28 00:00,摆动点,多,6,0.0018,空,空,空,17.9057,11.6194,40.9749,0,-4.5201,0,-7.5893,0,-4.7991
PUMP-USDT,2026-05-28 02:00,摆动点,多,6,0.0018,空,空,空,18.2425,11.6194,40.9749,0,-5.9317,0,-7.7784,0,-5.2043
PUMP-USDT,2026-05-28 03:00,摆动点,多,6,0.0017,空,空,空,7.4235,11.6194,40.9749,0,-1.4552,0,-3.8999,0,-1.8044
PUMP-USDT,2026-05-28 04:00,摆动点,多,6,0.0017,空,空,空,2.4807,1.4671,40.9749,0,-2.6885,0,-1.4027,0,-0.7598
PUMP-USDT,2026-05-28 07:00,摆动点,多,6,0.0017,空,空,空,8.4744,1.4671,40.9749,0,-3.0715,1,1.0632,1,0.5316
ORDI-USDT,2026-05-19 16:00,摆动点,多,6,4.1780,多,空,多,73.2953,69.6693,12.3948,0,-1.3404,0,-1.2446,1,2.0105
ORDI-USDT,2026-05-19 17:00,摆动点,多,6,4.1620,多,空,多,74.6223,69.6693,12.3948,0,-1.8020,0,-0.5046,1,2.3066
ORDI-USDT,2026-05-19 18:00,摆动点,多,6,4.1250,多,空,多,58.8809,69.6693,12.3948,0,-1.7697,1,1.0667,1,3.4909
ORDI-USDT,2026-05-19 19:00,摆动点,多,6,4.1200,空,空,多,46.0147,69.6693,12.3948,0,-1.3835,1,1.5534,1,3.5437
ORDI-USDT,2026-05-19 20:00,摆动点,多,6,4.1220,空,空,多,40.4079,55.0305,12.3948,0,-1.3828,1,1.9408,1,3.6390
ORDI-USDT,2026-05-19 21:00,摆动点,多,7,4.0870,空,空,多,16.0091,55.0305,12.3948,0,-0.5138,1,1.8840,1,3.7436
ORDI-USDT,2026-05-19 22:00,摆动点,多,7,4.0520,空,空,多,7.4787,55.0305,12.3948,1,0.0740,1,3.5044,1,4.3682
ORDI-USDT,2026-05-19 23:00,摆动点,多,7,4.0630,空,空,多,9.1025,55.0305,12.3948,1,0.2953,1,2.6089,1,4.2825
ORDI-USDT,2026-05-20 00:00,摆动点,多,7,4.0650,空,空,多,12.0254,58.4903,12.3948,1,1.5006,1,3.7638,1,4.7970
ORDI-USDT,2026-05-20 01:00,摆动点,多,7,4.0660,空,空,多,15.3476,58.4903,12.3948,1,1.8446,1,5.2140,1,5.4107
ORDI-USDT,2026-05-20 02:00,摆动点,多,7,4.0550,空,空,多,9.7964,58.4903,12.3948,1,2.8113,1,5.0062,1,6.1406
ORDI-USDT,2026-05-20 13:00,摆动点,多,6,4.2780,多,空,多,93.8393,99.0036,12.3948,0,-0.4675,1,0.1870,0,-3.1557
ORDI-USDT,2026-05-20 14:00,摆动点,多,6,4.2580,多,空,多,90.8566,99.0036,12.3948,1,0.2583,1,1.0803,0,-2.6303
ORDI-USDT,2026-05-20 15:00,摆动点,多,6,4.2890,多,空,多,96.6334,99.0036,12.3948,0,-0.5363,1,0.7228,0,-2.6113
ORDI-USDT,2026-05-20 16:00,DMI纯分,多,6,4.2620,多,多,多,83.4704,93.0552,8.7526,1,0.2346,1,1.1732,0,-1.8771
ORDI-USDT,2026-05-20 16:00,ADX加权,多,6,4.2620,多,多,多,83.4704,93.0552,8.7526,1,0.2346,1,1.1732,0,-1.8771
ORDI-USDT,2026-05-20 16:00,摆动点,多,6,4.2620,多,多,多,83.4704,93.0552,8.7526,1,0.2346,1,1.1732,0,-1.8771
ORDI-USDT,2026-05-20 17:00,DMI纯分,多,6,4.2580,多,多,多,70.2337,93.0552,8.7526,0,-0.4227,1,0.6576,1,1.0803
ORDI-USDT,2026-05-20 17:00,ADX加权,多,6,4.2580,多,多,多,70.2337,93.0552,8.7526,0,-0.4227,1,0.6576,1,1.0803
ORDI-USDT,2026-05-20 17:00,摆动点,多,6,4.2580,多,多,多,70.2337,93.0552,8.7526,0,-0.4227,1,0.6576,1,1.0803
ORDI-USDT,2026-05-20 18:00,DMI纯分,多,6,4.2690,多,多,多,65.7118,93.0552,8.7526,0,-0.9370,0,-0.1640,1,0.1640
ORDI-USDT,2026-05-20 18:00,ADX加权,多,6,4.2690,多,多,多,65.7118,93.0552,8.7526,0,-0.9370,0,-0.1640,1,0.1640
ORDI-USDT,2026-05-20 18:00,摆动点,多,6,4.2690,多,多,多,65.7118,93.0552,8.7526,0,-0.9370,0,-0.1640,1,0.1640
ORDI-USDT,2026-05-20 19:00,DMI纯分,多,6,4.2660,多,多,多,58.7600,93.0552,8.7526,0,-0.6798,1,0.3282,1,1.6643
ORDI-USDT,2026-05-20 19:00,ADX加权,多,6,4.2660,多,多,多,58.7600,93.0552,8.7526,0,-0.6798,1,0.3282,1,1.6643
ORDI-USDT,2026-05-20 19:00,摆动点,多,6,4.2660,多,多,多,58.7600,93.0552,8.7526,0,-0.6798,1,0.3282,1,1.6643
ORDI-USDT,2026-05-20 20:00,摆动点,多,6,4.2720,多,空,多,62.0983,84.7965,8.7526,0,-0.2809,1,0.0468,1,1.7556
ORDI-USDT,2026-05-20 21:00,摆动点,多,6,4.2400,多,空,多,27.8342,84.7965,8.7526,1,1.0849,0,-0.5896,1,2.2406
ORDI-USDT,2026-05-20 22:00,DMI纯分,多,6,4.2290,多,空,多,12.4623,84.7965,8.7526,1,1.7735,0,-2.1991,1,1.8681
ORDI-USDT,2026-05-20 22:00,ADX加权,多,6,4.2290,多,空,多,12.4623,84.7965,8.7526,1,1.7735,0,-2.1991,1,1.8681
ORDI-USDT,2026-05-20 22:00,摆动点,多,7,4.2290,多,空,多,12.4623,84.7965,8.7526,1,1.7735,0,-2.1991,1,1.8681
ORDI-USDT,2026-05-20 23:00,DMI纯分,多,6,4.2370,多,空,多,8.4586,84.7965,8.7526,1,1.9589,0,-2.3602,1,1.9117
ORDI-USDT,2026-05-20 23:00,ADX加权,多,6,4.2370,多,空,多,8.4586,84.7965,8.7526,1,1.9589,0,-2.3602,1,1.9117
ORDI-USDT,2026-05-20 23:00,摆动点,多,7,4.2370,多,空,多,8.4586,84.7965,8.7526,1,1.9589,0,-2.3602,1,1.9117
ORDI-USDT,2026-05-21 00:00,DMI纯分,多,6,4.2600,多,多,多,26.1503,95.0838,8.7526,1,1.2207,0,-2.5352,1,0.3756
ORDI-USDT,2026-05-21 00:00,ADX加权,多,6,4.2600,多,多,多,26.1503,95.0838,8.7526,1,1.2207,0,-2.5352,1,0.3756
ORDI-USDT,2026-05-21 00:00,摆动点,多,6,4.2600,多,多,多,26.1503,95.0838,8.7526,1,1.2207,0,-2.5352,1,0.3756
ORDI-USDT,2026-05-21 01:00,DMI纯分,多,6,4.2860,多,多,多,50.7359,95.0838,8.7526,0,0.0000,0,-3.3364,1,0.1400
ORDI-USDT,2026-05-21 01:00,ADX加权,多,6,4.2860,多,多,多,50.7359,95.0838,8.7526,0,0.0000,0,-3.3364,1,0.1400
ORDI-USDT,2026-05-21 01:00,摆动点,多,6,4.2860,多,多,多,50.7359,95.0838,8.7526,0,0.0000,0,-3.3364,1,0.1400
ORDI-USDT,2026-05-21 02:00,DMI纯分,多,6,4.3040,多,多,多,71.6453,95.0838,8.7526,0,-0.9758,0,-3.6710,0,0.0000
ORDI-USDT,2026-05-21 02:00,ADX加权,多,6,4.3040,多,多,多,71.6453,95.0838,8.7526,0,-0.9758,0,-3.6710,0,0.0000
ORDI-USDT,2026-05-21 02:00,摆动点,多,6,4.3040,多,多,多,71.6453,95.0838,8.7526,0,-0.9758,0,-3.6710,0,0.0000
ORDI-USDT,2026-05-21 03:00,DMI纯分,多,6,4.3200,多,多,多,91.1039,95.0838,8.7526,0,-0.9259,0,-3.3102,0,-0.4630
ORDI-USDT,2026-05-21 03:00,ADX加权,多,6,4.3200,多,多,多,91.1039,95.0838,8.7526,0,-0.9259,0,-3.3102,0,-0.4630
ORDI-USDT,2026-05-21 03:00,摆动点,多,6,4.3200,多,多,多,91.1039,95.0838,8.7526,0,-0.9259,0,-3.3102,0,-0.4630
ORDI-USDT,2026-05-21 04:00,DMI纯分,多,6,4.3120,多,多,多,86.8034,86.6251,8.7526,0,-0.8813,0,-3.0148,1,0.6262
ORDI-USDT,2026-05-21 04:00,摆动点,多,6,4.3120,多,多,多,86.8034,86.6251,8.7526,0,-0.8813,0,-3.0148,1,0.6262
ORDI-USDT,2026-05-21 05:00,DMI纯分,多,6,4.2860,多,多,多,55.6722,86.6251,8.7526,0,-1.6566,1,0.4200,1,0.9799
ORDI-USDT,2026-05-21 05:00,摆动点,多,6,4.2860,多,多,多,55.6722,86.6251,8.7526,0,-1.6566,1,0.4200,1,0.9799
ORDI-USDT,2026-05-21 06:00,DMI纯分,多,6,4.2620,多,多,多,20.3347,86.6251,8.7526,0,-2.9564,1,0.3285,1,0.5162
ORDI-USDT,2026-05-21 06:00,摆动点,多,6,4.2620,多,多,多,20.3347,86.6251,8.7526,0,-2.9564,1,0.3285,1,0.5162
ORDI-USDT,2026-05-21 07:00,DMI纯分,多,6,4.2800,多,多,多,21.3931,86.6251,8.7526,0,-3.3411,1,1.3318,1,0.5841
ORDI-USDT,2026-05-21 07:00,摆动点,多,6,4.2800,多,多,多,21.3931,86.6251,8.7526,0,-3.3411,1,1.3318,1,0.5841
ORDI-USDT,2026-05-21 08:00,DMI纯分,多,6,4.2740,多,空,多,12.3874,58.0304,8.7526,0,-2.8545,1,1.7080,1,0.2574
ORDI-USDT,2026-05-21 08:00,ADX加权,多,6,4.2740,多,空,多,12.3874,58.0304,8.7526,0,-2.8545,1,1.7080,1,0.2574
ORDI-USDT,2026-05-21 08:00,摆动点,多,7,4.2740,多,空,多,12.3874,58.0304,8.7526,0,-2.8545,1,1.7080,1,0.2574
ORDI-USDT,2026-05-21 09:00,摆动点,多,7,4.2150,空,空,多,5.9411,58.0304,8.7526,0,-1.7082,1,2.8470,1,2.2301
ORDI-USDT,2026-05-21 10:00,摆动点,多,7,4.1360,空,空,多,2.1488,58.0304,8.7526,1,0.2418,1,4.1586,1,3.5058
ORDI-USDT,2026-05-21 11:00,摆动点,多,7,4.1370,空,空,多,0.4016,58.0304,8.7526,1,0.9669,1,4.3752,1,4.3510
ORDI-USDT,2026-05-21 12:00,摆动点,多,6,4.1520,空,空,多,6.6787,57.2624,8.7526,1,0.7225,1,2.9865,1,4.9133
ORDI-USDT,2026-05-21 13:00,摆动点,多,6,4.1430,空,空,多,6.0142,57.2624,8.7526,1,3.8861,1,3.5964,1,3.2102
ORDI-USDT,2026-05-21 14:00,摆动点,多,6,4.1460,空,空,多,8.3201,57.2624,8.7526,1,3.1356,1,3.8109,1,1.7366
ORDI-USDT,2026-05-21 15:00,摆动点,多,6,4.1770,空,空,多,21.3404,57.2624,8.7526,1,3.8305,1,2.9447,1,1.2928
ORDI-USDT,2026-05-21 16:00,摆动点,多,6,4.1820,空,多,多,27.0266,82.5341,14.1991,1,3.9455,1,3.7542,1,1.6738
ORDI-USDT,2026-05-21 17:00,DMI纯分,多,6,4.3040,多,多,多,70.7784,82.5341,14.1991,1,0.7203,1,0.5576,0,-0.9526
ORDI-USDT,2026-05-21 17:00,摆动点,多,6,4.3040,多,多,多,70.7784,82.5341,14.1991,1,0.7203,1,0.5576,0,-0.9526
ORDI-USDT,2026-05-21 18:00,DMI纯分,多,6,4.2760,多,多,多,76.0912,82.5341,14.1991,1,0.7484,1,0.1871,0,-2.2685
ORDI-USDT,2026-05-21 18:00,摆动点,多,6,4.2760,多,多,多,76.0912,82.5341,14.1991,1,0.7484,1,0.1871,0,-2.2685
ORDI-USDT,2026-05-21 19:00,DMI纯分,多,6,4.3370,多,多,多,95.7891,82.5341,14.1991,0,-0.4381,0,-0.7378,0,-4.8651
ORDI-USDT,2026-05-21 19:00,摆动点,多,6,4.3370,多,多,多,95.7891,82.5341,14.1991,0,-0.4381,0,-0.7378,0,-4.8651
ORDI-USDT,2026-05-21 20:00,DMI纯分,多,6,4.3470,多,多,多,97.2473,88.4659,14.1991,0,-1.6333,0,-1.4263,0,-4.7849
ORDI-USDT,2026-05-21 20:00,摆动点,多,6,4.3470,多,多,多,97.2473,88.4659,14.1991,0,-1.6333,0,-1.4263,0,-4.7849
ORDI-USDT,2026-05-21 21:00,DMI纯分,多,6,4.3350,多,多,多,95.4602,88.4659,14.1991,0,-0.9919,0,-0.5998,0,-4.5444
ORDI-USDT,2026-05-21 21:00,摆动点,多,6,4.3350,多,多,多,95.4602,88.4659,14.1991,0,-0.9919,0,-0.5998,0,-4.5444
ORDI-USDT,2026-05-21 22:00,DMI纯分,多,6,4.3080,多,多,多,84.4096,88.4659,14.1991,0,-0.0929,0,-0.6267,0,-4.5265
ORDI-USDT,2026-05-21 22:00,摆动点,多,6,4.3080,多,多,多,84.4096,88.4659,14.1991,0,-0.0929,0,-0.6267,0,-4.5265
ORDI-USDT,2026-05-21 23:00,DMI纯分,多,6,4.3180,多,多,多,83.3485,88.4659,14.1991,0,-0.4169,0,-0.0232,0,-7.6424
ORDI-USDT,2026-05-21 23:00,摆动点,多,6,4.3180,多,多,多,83.3485,88.4659,14.1991,0,-0.4169,0,-0.0232,0,-7.6424
ORDI-USDT,2026-05-22 00:00,DMI纯分,多,6,4.2760,多,多,多,66.6348,91.2385,14.1991,1,1.4733,1,1.8709,0,-7.2030
ORDI-USDT,2026-05-22 00:00,摆动点,多,6,4.2760,多,多,多,66.6348,91.2385,14.1991,1,1.4733,1,1.8709,0,-7.2030
ORDI-USDT,2026-05-22 01:00,DMI纯分,多,6,4.2920,多,多,多,66.6681,91.2385,14.1991,1,0.8388,0,-0.3728,0,-7.1528
ORDI-USDT,2026-05-22 01:00,摆动点,多,6,4.2920,多,多,多,66.6681,91.2385,14.1991,1,0.8388,0,-0.3728,0,-7.1528
ORDI-USDT,2026-05-22 02:00,DMI纯分,多,6,4.3040,多,多,多,67.3854,91.2385,14.1991,0,-0.4647,0,-1.9981,0,-6.9470
ORDI-USDT,2026-05-22 02:00,摆动点,多,6,4.3040,多,多,多,67.3854,91.2385,14.1991,0,-0.4647,0,-1.9981,0,-6.9470
ORDI-USDT,2026-05-22 03:00,DMI纯分,多,6,4.3000,多,多,多,66.9379,91.2385,14.1991,1,0.1163,0,-1.6047,0,-6.7442
ORDI-USDT,2026-05-22 03:00,摆动点,多,6,4.3000,多,多,多,66.9379,91.2385,14.1991,1,0.1163,0,-1.6047,0,-6.7442
ORDI-USDT,2026-05-22 04:00,DMI纯分,多,6,4.3390,多,多,多,76.4451,89.8353,14.1991,0,-1.2445,0,-2.0051,0,-8.1125
ORDI-USDT,2026-05-22 04:00,摆动点,多,6,4.3390,多,多,多,76.4451,89.8353,14.1991,0,-1.2445,0,-2.0051,0,-8.1125
ORDI-USDT,2026-05-22 05:00,DMI纯分,多,6,4.3280,多,多,多,70.8205,89.8353,14.1991,0,-0.4390,0,-1.5018,0,-8.2024
ORDI-USDT,2026-05-22 05:00,摆动点,多,6,4.3280,多,多,多,70.8205,89.8353,14.1991,0,-0.4390,0,-1.5018,0,-8.2024
ORDI-USDT,2026-05-22 06:00,DMI纯分,多,6,4.2840,多,多,多,24.9818,89.8353,14.1991,0,-0.0700,0,-2.4510,0,-7.8431
ORDI-USDT,2026-05-22 06:00,摆动点,多,6,4.2840,多,多,多,24.9818,89.8353,14.1991,0,-0.0700,0,-2.4510,0,-7.8431
ORDI-USDT,2026-05-22 07:00,DMI纯分,多,6,4.3050,多,多,多,26.1043,89.8353,14.1991,1,0.2787,0,-4.1580,0,-11.8235
ORDI-USDT,2026-05-22 07:00,摆动点,多,6,4.3050,多,多,多,26.1043,89.8353,14.1991,1,0.2787,0,-4.1580,0,-11.8235
ORDI-USDT,2026-05-22 08:00,DMI纯分,多,7,4.2850,多,多,多,3.6337,88.9000,14.1991,1,1.6569,0,-3.4072,0,-10.7351
ORDI-USDT,2026-05-22 08:00,ADX加权,多,6,4.2850,多,多,多,3.6337,88.9000,14.1991,1,1.6569,0,-3.4072,0,-10.7351
ORDI-USDT,2026-05-22 08:00,摆动点,多,7,4.2850,多,多,多,3.6337,88.9000,14.1991,1,1.6569,0,-3.4072,0,-10.7351
ORDI-USDT,2026-05-22 09:00,DMI纯分,多,6,4.3090,多,多,多,20.3108,88.9000,14.1991,0,-0.7658,0,-3.9684,0,-11.1859
ORDI-USDT,2026-05-22 09:00,摆动点,多,6,4.3090,多,多,多,20.3108,88.9000,14.1991,0,-0.7658,0,-3.9684,0,-11.1859
ORDI-USDT,2026-05-22 10:00,DMI纯分,多,7,4.2810,多,多,多,4.1693,88.9000,14.1991,0,-1.4716,0,-3.9243,0,-10.7452
ORDI-USDT,2026-05-22 10:00,ADX加权,多,6,4.2810,多,多,多,4.1693,88.9000,14.1991,0,-1.4716,0,-3.9243,0,-10.7452
ORDI-USDT,2026-05-22 10:00,摆动点,多,7,4.2810,多,多,多,4.1693,88.9000,14.1991,0,-1.4716,0,-3.9243,0,-10.7452
ORDI-USDT,2026-05-22 11:00,DMI纯分,多,6,4.3170,多,多,多,35.7594,88.9000,14.1991,0,-1.9921,0,-7.6210,0,-11.9527
ORDI-USDT,2026-05-22 11:00,摆动点,多,6,4.3170,多,多,多,35.7594,88.9000,14.1991,0,-1.9921,0,-7.6210,0,-11.9527
ORDI-USDT,2026-05-22 12:00,DMI纯分,多,6,4.3560,多,多,多,69.2140,55.7614,14.1991,0,-2.3875,0,-8.9073,0,-12.1671
ORDI-USDT,2026-05-22 12:00,摆动点,多,6,4.3560,多,多,多,69.2140,55.7614,14.1991,0,-2.3875,0,-8.9073,0,-12.1671
ORDI-USDT,2026-05-22 13:00,DMI纯分,多,6,4.2760,多,多,多,23.2266,55.7614,14.1991,0,-0.3040,0,-6.8054,0,-7.9981
ORDI-USDT,2026-05-22 13:00,摆动点,多,6,4.2760,多,多,多,23.2266,55.7614,14.1991,0,-0.3040,0,-6.8054,0,-7.9981
ORDI-USDT,2026-05-22 14:00,DMI纯分,多,6,4.2180,空,多,多,15.3291,55.7614,14.1991,0,-0.9246,0,-5.0498,0,-6.0692
ORDI-USDT,2026-05-22 14:00,摆动点,多,7,4.2180,空,多,多,15.3291,55.7614,14.1991,0,-0.9246,0,-5.0498,0,-6.0692
ORDI-USDT,2026-05-22 15:00,DMI纯分,多,6,4.2310,空,多,多,6.2687,55.7614,14.1991,0,-2.4817,0,-5.2234,0,-5.4597
ORDI-USDT,2026-05-22 15:00,摆动点,多,7,4.2310,空,多,多,6.2687,55.7614,14.1991,0,-2.4817,0,-5.2234,0,-5.4597
ORDI-USDT,2026-05-22 16:00,摆动点,多,7,4.2520,空,空,空,17.8936,21.3484,3.8352,0,-2.6576,0,-6.2324,0,-5.7385
ORDI-USDT,2026-05-22 18:00,摆动点,多,6,4.1790,空,空,空,9.4751,21.3484,3.8352,0,-1.5793,0,-5.5276,0,-1.6511
ORDI-USDT,2026-05-22 19:00,摆动点,多,6,4.1260,空,空,空,5.3935,21.3484,3.8352,0,-3.3446,0,-7.9981,0,-0.7998
ORDI-USDT,2026-05-22 20:00,摆动点,多,7,4.1390,空,空,空,4.9467,6.5184,3.8352,0,-4.1314,0,-7.5864,1,0.9423
ORDI-USDT,2026-05-22 21:00,摆动点,多,7,4.1380,空,空,空,5.9495,6.5184,3.8352,0,-3.6974,0,-7.5157,0,-1.4983
ORDI-USDT,2026-05-22 22:00,摆动点,多,7,4.1130,空,空,空,2.4149,6.5184,3.8352,0,-2.6258,0,-7.0994,0,-1.7505
ORDI-USDT,2026-05-22 23:00,摆动点,多,7,3.9880,空,空,空,1.1782,6.5184,3.8352,1,0.5517,0,-4.6891,1,0.9529
ORDI-USDT,2026-05-23 00:00,摆动点,多,6,3.9680,空,空,空,0.0000,5.5114,3.8352,1,0.4788,0,-3.5786,1,0.9325
ORDI-USDT,2026-05-23 01:00,摆动点,多,7,3.9850,空,空,空,5.0820,5.5114,3.8352,0,-0.3011,0,-1.2798,1,0.5772
ORDI-USDT,2026-05-23 02:00,摆动点,多,7,4.0050,空,空,空,17.5831,5.5114,3.8352,0,-1.4232,0,-1.0737,1,0.2747
ORDI-USDT,2026-05-23 03:00,摆动点,多,6,4.0100,空,空,空,24.1431,5.5114,3.8352,0,-5.3367,0,-0.2494,0,-0.0499
ORDI-USDT,2026-05-23 04:00,摆动点,多,6,3.9870,空,空,空,22.6589,1.3778,3.8352,0,-4.0632,1,0.5267,1,1.2290
ORDI-USDT,2026-05-23 05:00,摆动点,多,7,3.9730,空,空,空,19.1064,1.3778,3.8352,0,-3.6748,1,1.7116,1,1.2082
ORDI-USDT,2026-05-23 06:00,摆动点,多,7,3.9480,空,空,空,12.0048,1.3778,3.8352,0,-3.2168,1,4.1033,1,2.5329
ORDI-USDT,2026-05-23 07:00,摆动点,多,7,3.7960,空,空,空,4.1843,1.3778,3.8352,1,0.1317,1,7.8240,1,6.1907
ORDI-USDT,2026-05-23 08:00,摆动点,多,7,3.8250,空,空,空,18.4182,2.3304,3.8352,1,0.0261,1,9.2288,1,5.4118
ORDI-USDT,2026-05-23 09:00,摆动点,多,6,3.8270,空,空,空,22.3957,2.3304,3.8352,1,2.7959,1,6.5064,1,4.7818
ORDI-USDT,2026-05-23 10:00,摆动点,多,6,3.8210,空,空,空,25.8102,2.3304,3.8352,1,3.6901,1,5.7577,1,4.5800
ORDI-USDT,2026-05-23 11:00,摆动点,多,6,3.8010,空,空,空,23.5702,2.3304,3.8352,1,5.2355,1,5.9195,1,4.8408
ORDI-USDT,2026-05-24 05:00,摆动点,多,6,4.0210,空,空,空,12.1674,61.6640,2.4217,0,-0.2736,0,-2.1139,1,0.4476
ORDI-USDT,2026-05-24 07:00,摆动点,多,6,4.0310,多,空,空,17.4977,61.6640,2.4217,0,-1.1412,0,-2.0590,0,0.0000
ORDI-USDT,2026-05-24 08:00,摆动点,多,7,4.0320,多,空,空,19.0002,56.7779,2.4217,0,-2.3810,0,-2.3810,0,-0.2232
ORDI-USDT,2026-05-24 09:00,摆动点,多,7,4.0100,空,空,空,5.8900,56.7779,2.4217,0,-2.6434,0,-3.8653,1,0.1995
ORDI-USDT,2026-05-24 10:00,摆动点,多,7,3.9960,空,空,空,2.9358,56.7779,2.4217,0,-2.4274,0,-2.3774,1,0.8008
ORDI-USDT,2026-05-24 11:00,摆动点,多,7,3.9850,空,空,空,0.0710,56.7779,2.4217,0,-1.6813,0,-1.0540,1,1.2798
ORDI-USDT,2026-05-24 12:00,摆动点,多,6,3.9360,空,空,空,0.0000,48.2667,2.4217,0,-0.0254,1,0.7876,1,2.3882
ORDI-USDT,2026-05-24 13:00,摆动点,多,6,3.9040,空,空,空,0.0000,48.2667,2.4217,1,0.8197,1,1.2807,1,3.8166
ORDI-USDT,2026-05-24 14:00,摆动点,多,6,3.8990,空,空,空,0.0000,48.2667,2.4217,1,1.3850,1,2.2826,1,5.7964
ORDI-USDT,2026-05-24 15:00,摆动点,多,7,3.9180,空,空,空,13.2774,48.2667,2.4217,1,0.7657,1,2.2205,1,7.0699
ORDI-USDT,2026-05-25 00:00,DMI纯分,空,6,3.9670,空,空,空,92.5748,83.2745,42.1548,0,-1.6385,0,-1.5881,0,-1.6889
ORDI-USDT,2026-05-25 01:00,DMI纯分,空,6,3.9540,空,空,空,93.4490,83.2745,42.1548,0,-2.1497,0,-2.5038,0,-1.5933
ORDI-USDT,2026-05-25 02:00,DMI纯分,空,6,3.9880,空,空,空,98.3622,83.2745,42.1548,0,-0.9278,0,-3.4353,0,-0.5266
ORDI-USDT,2026-05-25 03:00,DMI纯分,空,6,4.0050,空,空,空,98.3622,83.2745,42.1548,0,-0.6492,0,-4.7441,1,0.2996
ORDI-USDT,2026-05-25 04:00,DMI纯分,空,6,4.0320,空,空,空,100.0000,93.1844,42.1548,1,0.2232,0,-5.5556,1,0.6200
ORDI-USDT,2026-05-25 06:00,DMI纯分,空,6,4.0250,空,空,空,93.9410,93.1844,42.1548,0,-0.0745,0,-5.0435,1,1.3913
ORDI-USDT,2026-05-25 07:00,DMI纯分,空,6,4.0310,空,空,空,94.3979,93.1844,42.1548,0,-0.1240,0,-3.6964,1,1.4140
ORDI-USDT,2026-05-25 08:00,DMI纯分,空,6,4.0230,空,空,空,89.6473,98.5087,42.1548,0,-0.1740,0,-3.0077,1,0.3480
ORDI-USDT,2026-05-25 09:00,DMI纯分,空,6,4.0180,空,空,空,86.8068,98.5087,42.1548,0,-0.8711,0,-3.2106,0,-0.0498
ORDI-USDT,2026-05-25 10:00,DMI纯分,空,6,4.0280,空,空,空,89.2093,98.5087,42.1548,0,-2.4081,0,-0.9930,0,-1.7627
ORDI-USDT,2026-05-25 11:00,DMI纯分,空,6,4.0360,空,空,空,91.3776,98.5087,42.1548,0,-3.9395,0,-1.1150,0,-1.0406
ORDI-USDT,2026-05-27 16:00,摆动点,多,6,4.0820,多,多,空,95.0763,43.6922,14.1920,0,-0.2450,0,-14.6987,0,-16.5850
ORDI-USDT,2026-05-27 17:00,摆动点,多,6,4.0130,多,多,空,72.0352,43.6922,14.1920,0,-1.5201,0,-14.9763,0,-13.3068
ORDI-USDT,2026-05-27 18:00,摆动点,多,6,4.0650,多,多,空,81.8283,43.6922,14.1920,0,-2.7798,0,-14.9077,0,-12.7429
ORDI-USDT,2026-05-27 19:00,摆动点,多,6,4.0610,多,多,空,77.1676,43.6922,14.1920,0,-1.7976,0,-15.2672,0,-13.3465
ORDI-USDT,2026-05-27 20:00,摆动点,多,6,4.0720,多,空,空,85.3689,30.2954,14.1920,0,-1.5226,0,-16.3556,0,-13.1385
ORDI-USDT,2026-05-27 21:00,摆动点,多,6,3.9520,空,空,空,36.1253,30.2954,14.1920,0,-0.7591,0,-13.4109,0,-11.4372
ORDI-USDT,2026-05-27 22:00,摆动点,多,6,3.9520,空,空,空,24.7827,30.2954,14.1920,0,-1.6953,0,-14.2713,0,-12.8543
ORDI-USDT,2026-05-27 23:00,摆动点,多,6,3.9880,空,空,空,23.1824,30.2954,14.1920,0,-10.6820,0,-14.0923,0,-13.4152
ORDI-USDT,2026-05-28 00:00,摆动点,多,7,4.0100,空,空,空,37.0742,11.4651,14.1920,0,-13.1671,0,-14.3890,0,-13.4663
ORDI-USDT,2026-05-28 01:00,摆动点,多,8,3.9220,空,空,空,12.3336,11.4651,14.1920,0,-13.0036,0,-13.0291,0,-12.1877
ORDI-USDT,2026-05-28 02:00,摆动点,多,8,3.8850,空,空,空,7.5633,11.4651,14.1920,0,-10.9653,0,-12.6898,0,-11.8919
ORDI-USDT,2026-05-28 03:00,摆动点,多,7,3.5620,空,空,空,0.0000,11.4651,14.1920,0,-3.3970,0,-4.9691,0,-3.0882
ORDI-USDT,2026-05-28 04:00,摆动点,多,7,3.4820,空,空,空,0.0000,3.0401,14.1920,0,-2.1827,0,-2.2114,1,0.4882
ORDI-USDT,2026-05-28 05:00,摆动点,多,7,3.4120,空,空,空,0.0000,3.0401,14.1920,1,0.2931,1,1.9637,1,1.5533
ORDI-USDT,2026-05-28 06:00,摆动点,多,8,3.4590,空,空,空,8.4189,3.0401,14.1920,0,-2.0526,1,2.5441,1,0.4626
ORDI-USDT,2026-05-28 07:00,摆动点,多,7,3.4410,空,空,空,9.4972,3.0401,14.1920,0,-0.4359,1,2.2668,1,0.5231
ORDI-USDT,2026-05-28 08:00,摆动点,多,6,3.4060,空,空,空,9.3376,0.0000,14.1920,1,0.7927,1,3.8462,1,0.1762
ORDI-USDT,2026-05-28 09:00,摆动点,多,6,3.4220,空,空,空,11.7351,0.0000,14.1920,0,-0.3214,1,2.2794,1,0.3507
ORDI-USDT,2026-05-28 10:00,摆动点,多,6,3.3880,空,空,空,11.0515,0.0000,14.1920,1,0.1181,1,1.6529,1,0.3542
ORDI-USDT,2026-05-28 11:00,摆动点,多,6,3.4260,空,空,空,20.8448,0.0000,14.1920,0,-1.1967,1,0.7881,0,-1.9264
ORDI-USDT,2026-05-28 12:00,摆动点,多,6,3.4330,空,空,空,24.6321,0.0000,14.1920,0,-0.8156,1,1.0778,0,-3.2333
ORDI-USDT,2026-05-28 13:00,摆动点,多,6,3.4110,空,空,空,25.2083,0.0000,14.1920,1,1.9936,1,0.9675,0,-2.3160
ORDI-USDT,2026-05-28 14:00,摆动点,多,6,3.3920,空,空,空,28.4351,0.0000,14.1920,1,4.5696,1,0.9139,0,-2.0637
ORDI-USDT,2026-05-28 15:00,摆动点,多,6,3.3850,空,空,空,30.5080,0.0000,14.1920,1,3.9586,1,1.9793,1,0.7976
ORDI-USDT,2026-05-29 08:00,摆动点,多,6,3.4120,空,空,空,35.1720,18.7548,10.1296,0,-2.6377,0,-2.6084,0,-1.6999
ORDI-USDT,2026-05-29 09:00,摆动点,多,6,3.4340,空,空,空,46.0053,18.7548,10.1296,0,-2.9703,0,-4.5428,0,-1.9511
ORDI-USDT,2026-05-29 10:00,摆动点,多,6,3.4000,空,空,空,21.8452,18.7548,10.1296,0,-2.2941,0,-2.5882,0,-0.7941
ORDI-USDT,2026-05-29 11:00,摆动点,多,7,3.3600,空,空,空,10.8699,18.7548,10.1296,1,1.5476,0,-1.8155,1,1.2500
ORDI-USDT,2026-05-29 12:00,摆动点,多,6,3.3220,空,空,空,2.7030,26.3116,10.1296,1,2.5587,0,-0.6020,1,2.1674
ORDI-USDT,2026-05-29 13:00,摆动点,多,6,3.3320,空,空,空,7.2805,26.3116,10.1296,1,1.5606,1,0.1200,1,1.5906
ORDI-USDT,2026-05-29 14:00,摆动点,多,6,3.3220,空,空,空,5.2985,26.3116,10.1296,1,0.6020,1,2.4684,1,1.4148
ORDI-USDT,2026-05-29 20:00,摆动点,多,6,3.3230,空,空,空,42.9522,18.2986,1.3535,0,-0.6320,1,0.9329,1,6.0488
ORDI-USDT,2026-05-29 21:00,摆动点,多,6,3.2780,空,空,空,23.6139,18.2986,1.3535,1,1.7694,1,2.7151,1,6.3758
ORDI-USDT,2026-05-29 22:00,摆动点,多,6,3.3120,空,空,空,46.9331,18.2986,1.3535,1,2.7778,1,1.8418,1,2.9287
ORDI-USDT,2026-05-29 23:00,摆动点,多,7,3.2990,空,空,空,42.4662,18.2986,1.3535,1,2.4856,1,3.1222,1,4.0921
ORDI-USDT,2026-05-30 00:00,摆动点,多,6,3.3020,空,空,空,49.3731,37.3217,1.3535,1,2.2411,1,2.7862,1,4.7244
ORDI-USDT,2026-05-30 01:00,摆动点,多,6,3.3360,空,空,空,73.7813,37.3217,1.3535,1,2.1583,1,1.4688,1,3.8669
ORDI-USDT,2026-05-30 02:00,摆动点,多,6,3.4040,空,空,空,89.3412,37.3217,1.3535,0,-0.6757,0,-1.0282,1,0.8519
ORDI-USDT,2026-05-30 03:00,摆动点,多,6,3.3810,多,空,空,88.5129,37.3217,1.3535,0,-0.5620,0,-0.2366,1,1.5380
ORDI-USDT,2026-05-30 04:00,摆动点,多,6,3.3760,空,空,空,85.2502,72.5896,1.3535,0,-0.6517,1,0.8886,1,1.8365
ORDI-USDT,2026-05-30 05:00,摆动点,多,6,3.4080,空,空,空,94.5649,72.5896,1.3535,0,-1.2031,0,-0.5282,0,-0.1174
ORDI-USDT,2026-05-30 06:00,摆动点,多,6,3.3810,空,空,空,84.4275,72.5896,1.3535,0,-0.2366,1,3.9633,1,0.9465
ORDI-USDT,2026-05-30 07:00,摆动点,多,6,3.3620,空,空,空,75.9844,72.5896,1.3535,1,1.1898,1,3.4801,1,0.6841
ORDI-USDT,2026-05-30 08:00,摆动点,多,6,3.3540,空,空,空,67.1892,90.1298,1.3535,1,1.1926,1,5.0686,1,1.2224
ORDI-USDT,2026-05-30 09:00,摆动点,多,6,3.3670,空,空,空,71.1421,90.1298,1.3535,1,0.5346,1,3.5640,1,0.8910
ORDI-USDT,2026-05-30 10:00,摆动点,多,6,3.3730,空,空,空,75.2668,90.1298,1.3535,0,-0.1186,1,1.0673,1,1.6009
ORDI-USDT,2026-05-30 11:00,摆动点,多,6,3.4020,多,空,空,92.0618,90.1298,1.3535,0,-0.8524,1,0.9406,1,0.2939
ORDI-USDT,2026-05-30 12:00,摆动点,多,6,3.3940,多,空,空,90.7947,92.0075,1.3535,1,0.3536,1,1.8857,1,0.4420
ORDI-USDT,2026-05-30 13:00,摆动点,多,6,3.3850,多,空,空,86.0702,92.0075,1.3535,1,0.1477,1,2.3634,1,0.6204
ORDI-USDT,2026-05-30 14:00,摆动点,多,6,3.3690,空,空,空,58.1372,92.0075,1.3535,1,4.3336,1,1.8997,0,-1.2467
ORDI-USDT,2026-05-30 15:00,摆动点,多,6,3.3730,空,空,空,44.1830,92.0075,1.3535,1,3.1426,1,1.7788,0,-0.8894
